Time,Rep,PopSizeF,PopSizeM,PopSize,Sex,p,chi,tau,t,gamma,surviving_offspring_nr,dead_offspring_nr,Res,NrRejections,NrMatings
10000,7,505,495,1000,1,0.634721,10,0.503693,20033,20033,3,4,0.578332,0,7
10000,7,505,495,1000,1,0.589176,10,0.487633,20033,20033,4,3,0.974878,0,7
10000,7,505,495,1000,1,0.677655,10,0.464422,20033,20033,5,3,0.549691,0,8
10000,7,505,495,1000,1,0.630386,10,0.443614,20033,20033,3,6,0.760502,0,9
10000,7,505,495,1000,1,0.566192,10,0.475492,20033,20033,3,3,1.11067,0,6
10000,7,505,495,1000,1,0.760789,10,0.504037,20033,20033,5,4,0.695754,0,9
10000,7,505,495,1000,1,0.601371,10,0.487633,20033,20033,0,3,1.0569,0,3
10000,7,505,495,1000,1,0.704726,10,0.465839,20033,20033,3,3,0.568951,0,6
10000,7,505,495,1000,1,0.724448,10,0.44853,20033,20033,1,4,0.671467,0,5
10000,7,505,495,1000,1,0.71809,10,0.465839,20033,20033,1,7,1.16511,0,8
10000,7,505,495,1000,1,0.651165,10,0.44722,20033,20033,3,2,0.810355,0,5
10000,7,505,495,1000,1,0.608106,10,0.475492,20033,20033,5,3,1.29544,0,8
10000,7,505,495,1000,1,0.673994,10,0.495611,20033,20033,4,1,0.668728,0,5
10000,7,505,495,1000,1,0.580406,10,0.465839,20033,20033,2,1,1.48904,0,3
10000,7,505,495,1000,1,0.672226,10,0.465839,20033,20033,1,4,1.28198,0,5
10000,7,505,495,1000,1,0.677655,10,0.465839,20033,20033,2,3,1.19353,0,5
10000,7,505,495,1000,1,0.637447,10,0.465839,20033,20033,1,3,1.40966,0,4
10000,7,505,495,1000,1,0.64155,10,0.443845,20033,20033,2,3,1.2596,0,5
10000,7,505,495,1000,1,0.704529,10,0.483291,20033,20033,4,1,0.559135,0,5
10000,7,505,495,1000,1,0.651165,10,0.482412,20033,20033,4,2,0.923082,0,6
10000,7,505,495,1000,1,0.724448,10,0.465839,20033,20033,4,6,1.13895,0,10
10000,7,505,495,1000,1,0.439652,10,0.504561,20033,20033,0,3,0.864052,0,3
10000,7,505,495,1000,1,0.586501,10,0.465839,20033,20033,1,1,1.45756,0,2
10000,7,505,495,1000,1,0.651165,10,0.483291,20033,20033,2,1,0.686466,0,3
10000,7,505,495,1000,1,0.608106,10,0.487633,20033,20033,2,3,1.12617,0,5
10000,7,505,495,1000,1,0.57116,10,0.4279,20033,20033,1,3,0.549017,0,4
10000,7,505,495,1000,1,0.56534,10,0.44722,20033,20033,1,2,1.11598,0,3
10000,7,505,495,1000,1,0.704726,10,0.465839,20033,20033,2,4,0.822323,0,6
10000,7,505,495,1000,1,0.672226,10,0.465839,20033,20033,3,3,1.21376,0,6
10000,7,505,495,1000,1,0.660277,10,0.44722,20033,20033,0,1,0.893939,0,1
10000,7,505,495,1000,1,0.56534,10,0.543154,20033,20033,1,3,0.745281,0,4
10000,7,505,495,1000,1,0.57116,10,0.465839,20033,20033,2,2,1.26097,0,4
10000,7,505,495,1000,1,0.608106,10,0.465839,20033,20033,4,1,0.657575,0,5
10000,7,505,495,1000,1,0.580406,10,0.428042,20033,20033,3,2,1.16003,0,5
10000,7,505,495,1000,1,0.697357,10,0.445941,20033,20033,5,2,0.537997,0,7
10000,7,505,495,1000,1,0.704726,10,0.443614,20033,20033,2,4,0.566507,0,6
10000,7,505,495,1000,1,0.724448,10,0.433958,20033,20033,6,1,1.08082,0,7
10000,7,505,495,1000,1,0.56534,10,0.44722,20033,20033,1,0,1.48962,0,1
10000,7,505,495,1000,1,0.605986,10,0.443614,20033,20033,2,2,1.27184,0,4
10000,7,505,495,1000,1,0.439652,10,0.509869,20033,20033,1,3,1.18471,0,4
10000,7,505,495,1000,1,0.620251,10,0.465839,20033,20033,1,5,1.02089,0,6
10000,7,505,495,1000,1,0.634443,10,0.433958,20033,20033,1,1,0.757913,0,2
10000,7,505,495,1000,1,0.620251,10,0.44722,20033,20033,0,3,0.643719,0,3
10000,7,505,495,1000,1,0.620251,10,0.395327,20033,20033,2,2,1.3003,0,4
10000,7,505,495,1000,1,0.499767,10,0.389217,20033,20033,1,3,1.08444,0,4
10000,7,505,495,1000,1,0.580406,10,0.509869,20033,20033,1,2,0.593887,0,3
10000,7,505,495,1000,1,0.619322,10,0.450189,20033,20033,1,3,0.642829,0,4
10000,7,505,495,1000,1,0.580406,10,0.44722,20033,20033,0,3,1.30843,0,3
10000,7,505,495,1000,1,0.54034,10,0.465839,20033,20033,6,2,1.10809,0,8
10000,7,505,495,1000,1,0.651165,10,0.509869,20033,20033,4,6,0.58523,0,10
10000,7,505,495,1000,1,0.677655,10,0.41458,20033,20033,0,4,1.37823,0,4
10000,7,505,495,1000,1,0.672226,10,0.433958,20033,20033,4,6,1.31023,0,10
10000,7,505,495,1000,1,0.48428,10,0.443614,20033,20033,3,1,1.43402,0,4
10000,7,505,495,1000,1,0.634721,10,0.465839,20033,20033,4,4,0.509981,0,8
10000,7,505,495,1000,1,0.620251,10,0.465839,20033,20033,1,5,1.46402,0,6
10000,7,505,495,1000,1,0.677655,10,0.465839,20033,20033,1,4,0.827606,0,5
10000,7,505,495,1000,1,0.608106,10,0.483291,20033,20033,2,8,0.753115,0,10
10000,7,505,495,1000,1,0.643939,10,0.504037,20033,20033,3,4,1.14851,0,7
10000,7,505,495,1000,1,0.561819,10,0.487633,20033,20033,4,2,1.07357,0,6
10000,7,505,495,1000,1,0.651165,10,0.465839,20033,20033,2,2,0.55582,0,4
10000,7,505,495,1000,1,0.724448,10,0.549452,20033,20033,1,2,1.13095,0,3
10000,7,505,495,1000,1,0.580406,10,0.443845,20033,20033,2,1,1.48373,0,3
10000,7,505,495,1000,1,0.677655,10,0.504001,20033,20033,0,2,1.3259,0,2
10000,7,505,495,1000,1,0.64553,10,0.450626,20033,20033,1,2,0.682927,0,3
10000,7,505,495,1000,1,0.677655,10,0.44722,20033,20033,2,0,1.2146,0,2
10000,7,505,495,1000,1,0.620251,10,0.487633,20033,20033,1,3,1.21411,0,4
10000,7,505,495,1000,1,0.578568,10,0.485833,20033,20033,1,5,1.16354,0,6
10000,7,505,495,1000,1,0.608106,10,0.395327,20033,20033,1,1,0.919633,0,2
10000,7,505,495,1000,1,0.57116,10,0.487633,20033,20033,0,5,1.09992,0,5
10000,7,505,495,1000,1,0.651165,10,0.509869,20033,20033,3,1,0.860143,0,4
10000,7,505,495,1000,1,0.57116,10,0.443845,20033,20033,2,0,0.534861,0,2
10000,7,505,495,1000,1,0.634721,10,0.465839,20033,20033,1,4,0.809134,0,5
10000,7,505,495,1000,1,0.704726,10,0.41458,20033,20033,0,2,0.616197,0,2
10000,7,505,495,1000,1,0.64155,10,0.44722,20033,20033,3,1,1.47446,0,4
10000,7,505,495,1000,1,0.651165,10,0.504037,20033,20033,2,6,1.02408,0,8
10000,7,505,495,1000,1,0.760789,10,0.504037,20033,20033,2,4,0.529402,0,6
10000,7,505,495,1000,1,0.677655,10,0.465839,20033,20033,4,2,0.708904,0,6
10000,7,505,495,1000,1,0.620251,10,0.487633,20033,20033,5,1,1.49224,0,6
10000,7,505,495,1000,1,0.580406,10,0.443845,20033,20033,1,1,1.09667,0,2
10000,7,505,495,1000,1,0.580406,10,0.44722,20033,20033,0,3,0.928352,0,3
10000,7,505,495,1000,1,0.580406,10,0.504001,20033,20033,1,1,1.38279,0,2
10000,7,505,495,1000,1,0.573147,10,0.465839,20033,20033,2,4,0.873787,0,6
10000,7,505,495,1000,1,0.586501,10,0.465839,20033,20033,1,7,0.831193,0,8
10000,7,505,495,1000,1,0.677655,10,0.465839,20033,20033,5,3,1.19364,0,8
10000,7,505,495,1000,1,0.634443,10,0.465839,20033,20033,4,6,1.44239,0,10
10000,7,505,495,1000,1,0.673994,10,0.476185,20033,20033,0,1,1.47185,0,1
10000,7,505,495,1000,1,0.619322,10,0.506812,20033,20033,4,3,0.54443,0,7
10000,7,505,495,1000,1,0.589176,10,0.483291,20033,20033,2,2,0.932279,0,4
10000,7,505,495,1000,1,0.704726,10,0.443845,20033,20033,3,2,1.39854,0,5
10000,7,505,495,1000,1,0.760789,10,0.465839,20033,20033,0,2,0.871382,0,2
10000,7,505,495,1000,1,0.608106,10,0.520275,20033,20033,2,9,1.2906,0,11
10000,7,505,495,1000,1,0.760789,10,0.428042,20033,20033,4,4,1.45579,0,8
10000,7,505,495,1000,1,0.601371,10,0.443845,20033,20033,2,3,1.37113,0,5
10000,7,505,495,1000,1,0.651165,10,0.509869,20033,20033,0,4,0.613714,0,4
10000,7,505,495,1000,1,0.677655,10,0.475544,20033,20033,0,1,0.816739,0,1
10000,7,505,495,1000,1,0.620251,10,0.545997,20033,20033,1,4,0.829276,0,5
10000,7,505,495,1000,1,0.506456,10,0.476185,20033,20033,0,2,1.31986,0,2
10000,7,505,495,1000,1,0.580406,10,0.465839,20033,20033,3,3,0.81768,0,6
10000,7,505,495,1000,1,0.704726,10,0.443845,20033,20033,2,4,0.899785,0,6
10000,7,505,495,1000,1,0.608106,10,0.504037,20033,20033,1,2,0.662829,0,3
10000,7,505,495,1000,1,0.580406,10,0.509869,20033,20033,1,1,0.52843,0,2
10000,7,505,495,1000,1,0.677655,10,0.465839,20033,20033,4,0,0.752072,0,4
10000,7,505,495,1000,1,0.760789,10,0.44722,20033,20033,0,1,0.586106,0,1
10000,7,505,495,1000,1,0.586501,10,0.465839,20033,20033,2,5,1.01861,0,7
10000,7,505,495,1000,1,0.580406,10,0.452334,20033,20033,4,1,1.40255,0,5
10000,7,505,495,1000,1,0.620251,10,0.433958,20033,20033,2,4,0.553682,0,6
10000,7,505,495,1000,1,0.619322,10,0.465839,20033,20033,2,0,0.513132,0,2
10000,7,505,495,1000,1,0.71809,10,0.44722,20033,20033,2,2,1.00778,0,4
10000,7,505,495,1000,1,0.677655,10,0.465839,20033,20033,10,2,1.0305,0,12
10000,7,505,495,1000,1,0.651165,10,0.44722,20033,20033,4,2,0.654425,0,6
10000,7,505,495,1000,1,0.566192,10,0.44722,20033,20033,7,1,1.40742,0,8
10000,7,505,495,1000,1,0.637447,10,0.44722,20033,20033,3,1,1.14647,0,4
10000,7,505,495,1000,1,0.482284,10,0.506812,20033,20033,0,1,0.634284,0,1
10000,7,505,495,1000,1,0.56534,10,0.487633,20033,20033,1,2,0.522803,0,3
10000,7,505,495,1000,1,0.56534,10,0.504037,20033,20033,4,2,1.49874,0,6
10000,7,505,495,1000,1,0.580406,10,0.483291,20033,20033,2,3,0.84126,0,5
10000,7,505,495,1000,1,0.761819,10,0.475492,20033,20033,1,3,0.924426,0,4
10000,7,505,495,1000,1,0.634721,10,0.509869,20033,20033,4,3,0.790769,0,7
10000,7,505,495,1000,1,0.439652,10,0.465839,20033,20033,2,4,1.19036,0,6
10000,7,505,495,1000,1,0.597795,10,0.465839,20033,20033,0,2,1.19375,0,2
10000,7,505,495,1000,1,0.679103,10,0.443614,20033,20033,0,3,1.30235,0,3
10000,7,505,495,1000,1,0.601371,10,0.465839,20033,20033,2,1,1.26434,0,3
10000,7,505,495,1000,1,0.704726,10,0.509869,20033,20033,0,2,0.784514,0,2
10000,7,505,495,1000,1,0.620251,10,0.485833,20033,20033,2,2,0.964657,0,4
10000,7,505,495,1000,1,0.704726,10,0.414594,20033,20033,0,2,1.22802,0,2
10000,7,505,495,1000,1,0.634721,10,0.4279,20033,20033,2,1,0.935076,0,3
10000,7,505,495,1000,1,0.704726,10,0.44722,20033,20033,2,2,1.48428,0,4
10000,7,505,495,1000,1,0.677655,10,0.44722,20033,20033,3,1,0.967553,0,4
10000,7,505,495,1000,1,0.713972,10,0.465839,20033,20033,4,5,0.768104,0,9
10000,7,505,495,1000,1,0.619322,10,0.450626,20033,20033,0,1,1.33549,0,1
10000,7,505,495,1000,1,0.580406,10,0.504037,20033,20033,1,2,1.26703,0,3
10000,7,505,495,1000,1,0.64155,10,0.475492,20033,20033,3,2,1.03187,0,5
10000,7,505,495,1000,1,0.651165,10,0.465839,20033,20033,0,2,1.1711,0,2
10000,7,505,495,1000,1,0.724448,10,0.443845,20033,20033,2,0,1.37631,0,2
10000,7,505,495,1000,1,0.601371,10,0.452334,20033,20033,3,1,1.35561,0,4
10000,7,505,495,1000,1,0.673994,10,0.476185,20033,20033,2,5,0.838378,0,7
10000,7,505,495,1000,1,0.713972,10,0.496362,20033,20033,2,2,0.650243,0,4
10000,7,505,495,1000,1,0.669687,10,0.480101,20033,20033,2,2,0.885708,0,4
10000,7,505,495,1000,1,0.672226,10,0.465839,20033,20033,4,2,0.841979,0,6
10000,7,505,495,1000,1,0.672226,10,0.465839,20033,20033,1,4,1.39984,0,5
10000,7,505,495,1000,1,0.677655,10,0.443845,20033,20033,2,1,0.591256,0,3
10000,7,505,495,1000,1,0.56534,10,0.428042,20033,20033,1,4,1.3549,0,5
10000,7,505,495,1000,1,0.744645,10,0.44722,20033,20033,1,2,0.703219,0,3
10000,7,505,495,1000,1,0.651165,10,0.482412,20033,20033,2,5,0.637822,0,7
10000,7,505,495,1000,1,0.669687,10,0.465839,20033,20033,1,3,1.3403,0,4
10000,7,505,495,1000,1,0.566192,10,0.483291,20033,20033,1,1,0.532645,0,2
10000,7,505,495,1000,1,0.634721,10,0.485833,20033,20033,1,3,0.917548,0,4
10000,7,505,495,1000,1,0.651165,10,0.478247,20033,20033,1,2,1.2152,0,3
10000,7,505,495,1000,1,0.764001,10,0.465839,20033,20033,2,3,1.09987,0,5
10000,7,505,495,1000,1,0.704726,10,0.483291,20033,20033,1,1,1.13541,0,2
10000,7,505,495,1000,1,0.724448,10,0.395327,20033,20033,2,2,1.33391,0,4
10000,7,505,495,1000,1,0.56534,10,0.465839,20033,20033,3,1,1.02686,0,4
10000,7,505,495,1000,1,0.651165,10,0.504037,20033,20033,2,2,1.15979,0,4
10000,7,505,495,1000,1,0.64155,10,0.465839,20033,20033,0,4,0.726121,0,4
10000,7,505,495,1000,1,0.672226,10,0.465839,20033,20033,1,4,1.1511,0,5
10000,7,505,495,1000,1,0.57116,10,0.428042,20033,20033,1,2,0.545424,0,3
10000,7,505,495,1000,1,0.677655,10,0.465839,20033,20033,1,5,0.844908,0,6
10000,7,505,495,1000,1,0.613749,10,0.443845,20033,20033,1,5,0.574036,0,6
10000,7,505,495,1000,1,0.634721,10,0.465839,20033,20033,1,2,0.610611,0,3
10000,7,505,495,1000,1,0.677655,10,0.414166,20033,20033,2,1,1.38741,0,3
10000,7,505,495,1000,1,0.760789,10,0.44722,20033,20033,0,6,0.568363,0,6
10000,7,505,495,1000,1,0.651165,10,0.487633,20033,20033,0,3,1.46015,0,3
10000,7,505,495,1000,1,0.580406,10,0.44853,20033,20033,2,3,0.770992,0,5
10000,7,505,495,1000,1,0.637447,10,0.41458,20033,20033,1,2,0.637787,0,3
10000,7,505,495,1000,1,0.651165,10,0.44722,20033,20033,4,5,1.31498,0,9
10000,7,505,495,1000,1,0.697357,10,0.41458,20033,20033,1,4,1.47012,0,5
10000,7,505,495,1000,1,0.578568,10,0.487633,20033,20033,0,1,0.747616,0,1
10000,7,505,495,1000,1,0.651165,10,0.465839,20033,20033,2,4,1.22913,0,6
10000,7,505,495,1000,1,0.672226,10,0.44722,20033,20033,5,5,1.24068,0,10
10000,7,505,495,1000,1,0.677655,10,0.41458,20033,20033,3,2,1.00884,0,5
10000,7,505,495,1000,1,0.676235,10,0.487633,20033,20033,2,2,1.45365,0,4
10000,7,505,495,1000,1,0.669687,10,0.465839,20033,20033,2,3,1.21265,0,5
10000,7,505,495,1000,1,0.713972,10,0.483291,20033,20033,1,1,1.14909,0,2
10000,7,505,495,1000,1,0.677655,10,0.465839,20033,20033,3,4,1.2442,0,7
10000,7,505,495,1000,1,0.552358,10,0.465839,20033,20033,3,5,1.39668,0,8
10000,7,505,495,1000,1,0.580406,10,0.549452,20033,20033,3,0,1.44315,0,3
10000,7,505,495,1000,1,0.601371,10,0.504037,20033,20033,0,1,0.683535,0,1
10000,7,505,495,1000,1,0.64553,10,0.475492,20033,20033,4,6,0.581644,0,10
10000,7,505,495,1000,1,0.482284,10,0.487633,20033,20033,0,3,1.25649,0,3
10000,7,505,495,1000,1,0.557998,10,0.476185,20033,20033,3,2,1.05623,0,5
10000,7,505,495,1000,1,0.620251,10,0.475492,20033,20033,3,1,1.48725,0,4
10000,7,505,495,1000,1,0.760789,10,0.465839,20033,20033,2,2,0.724929,0,4
10000,7,505,495,1000,1,0.439652,10,0.443614,20033,20033,0,0,0.655375,0,0
10000,7,505,495,1000,1,0.724448,10,0.482412,20033,20033,0,1,0.502081,0,1
10000,7,505,495,1000,1,0.580406,10,0.487633,20033,20033,2,2,1.43784,0,4
10000,7,505,495,1000,1,0.550956,10,0.487633,20033,20033,2,2,1.29308,0,4
10000,7,505,495,1000,1,0.724448,10,0.487633,20033,20033,2,3,1.48182,0,5
10000,7,505,495,1000,1,0.550956,10,0.465839,20033,20033,0,4,1.07972,0,4
10000,7,505,495,1000,1,0.601371,10,0.457137,20033,20033,2,4,1.21563,0,6
10000,7,505,495,1000,1,0.64155,10,0.44853,20033,20033,3,1,0.635713,0,4
10000,7,505,495,1000,1,0.580406,10,0.395327,20033,20033,0,1,0.630125,0,1
10000,7,505,495,1000,1,0.580406,10,0.433958,20033,20033,6,1,0.561817,0,7
10000,7,505,495,1000,1,0.677409,10,0.509869,20033,20033,0,4,1.09723,0,4
10000,7,505,495,1000,1,0.580406,10,0.509869,20033,20033,3,2,1.27943,0,5
10000,7,505,495,1000,1,0.439652,10,0.608632,20033,20033,2,1,0.536622,0,3
10000,7,505,495,1000,1,0.677655,10,0.506812,20033,20033,2,1,1.10135,0,3
10000,7,505,495,1000,1,0.56534,10,0.465839,20033,20033,1,1,0.665661,0,2
10000,7,505,495,1000,1,0.651165,10,0.482412,20033,20033,3,1,0.557739,0,4
10000,7,505,495,1000,1,0.713972,10,0.44722,20033,20033,1,2,1.33947,0,3
10000,7,505,495,1000,1,0.651165,10,0.443614,20033,20033,1,1,0.681917,0,2
10000,7,505,495,1000,1,0.669687,10,0.465839,20033,20033,1,2,1.43597,0,3
10000,7,505,495,1000,1,0.578568,10,0.509869,20033,20033,1,2,0.724069,0,3
10000,7,505,495,1000,1,0.64155,10,0.473946,20033,20033,3,4,0.842247,0,7
10000,7,505,495,1000,1,0.57116,10,0.4279,20033,20033,5,3,1.45888,0,8
10000,7,505,495,1000,1,0.760789,10,0.443845,20033,20033,2,7,1.17572,0,9
10000,7,505,495,1000,1,0.713972,10,0.487633,20033,20033,0,5,0.861006,0,5
10000,7,505,495,1000,1,0.672226,10,0.44722,20033,20033,3,1,1.31863,0,4
10000,7,505,495,1000,1,0.677655,10,0.504037,20033,20033,1,2,1.02251,0,3
10000,7,505,495,1000,1,0.704726,10,0.443614,20033,20033,1,4,1.23493,0,5
10000,7,505,495,1000,1,0.760789,10,0.487633,20033,20033,3,5,0.50138,0,8
10000,7,505,495,1000,1,0.601371,10,0.476185,20033,20033,3,6,1.46569,0,9
10000,7,505,495,1000,1,0.580406,10,0.427107,20033,20033,2,6,1.10019,0,8
10000,7,505,495,1000,1,0.439652,10,0.465839,20033,20033,1,2,0.896555,0,3
10000,7,505,495,1000,1,0.724448,10,0.443845,20033,20033,1,2,1.46235,0,3
10000,7,505,495,1000,1,0.672226,10,0.475492,20033,20033,1,1,0.574516,0,2
10000,7,505,495,1000,1,0.672226,10,0.482412,20033,20033,1,2,1.4301,0,3
10000,7,505,495,1000,1,0.673994,10,0.443845,20033,20033,0,4,0.60725,0,4
10000,7,505,495,1000,1,0.561819,10,0.478247,20033,20033,5,1,1.45732,0,6
10000,7,505,495,1000,1,0.704726,10,0.504001,20033,20033,1,2,0.75142,0,3
10000,7,505,495,1000,1,0.760789,10,0.483291,20033,20033,2,2,0.500874,0,4
10000,7,505,495,1000,1,0.619322,10,0.44722,20033,20033,3,4,0.992715,0,7
10000,7,505,495,1000,1,0.439652,10,0.465839,20033,20033,2,2,0.605916,0,4
10000,7,505,495,1000,1,0.619322,10,0.496362,20033,20033,1,2,1.20887,0,3
10000,7,505,495,1000,1,0.550956,10,0.509869,20033,20033,0,2,1.42069,0,2
10000,7,505,495,1000,1,0.550956,10,0.465839,20033,20033,1,2,1.17833,0,3
10000,7,505,495,1000,1,0.660277,10,0.44722,20033,20033,5,7,1.19385,0,12
10000,7,505,495,1000,1,0.608106,10,0.44722,20033,20033,3,4,0.6839,0,7
10000,7,505,495,1000,1,0.704726,10,0.487633,20033,20033,1,0,1.44895,0,1
10000,7,505,495,1000,1,0.439652,10,0.443845,20033,20033,1,3,0.676898,0,4
10000,7,505,495,1000,1,0.634721,10,0.44853,20033,20033,0,1,1.15253,0,1
10000,7,505,495,1000,1,0.619322,10,0.44722,20033,20033,1,5,1.01075,0,6
10000,7,505,495,1000,1,0.704726,10,0.44722,20033,20033,5,4,0.756149,0,9
10000,7,505,495,1000,1,0.630386,10,0.465839,20033,20033,1,2,1.44146,0,3
10000,7,505,495,1000,1,0.760789,10,0.487633,20033,20033,3,2,1.41508,0,5
10000,7,505,495,1000,1,0.54034,10,0.44722,20033,20033,3,1,1.26851,0,4
10000,7,505,495,1000,1,0.704726,10,0.509869,20033,20033,4,7,1.36261,0,11
10000,7,505,495,1000,1,0.651165,10,0.520275,20033,20033,2,3,0.757275,0,5
10000,7,505,495,1000,1,0.704726,10,0.487633,20033,20033,3,1,1.31633,0,4
10000,7,505,495,1000,1,0.580406,10,0.484772,20033,20033,2,2,0.508128,0,4
10000,7,505,495,1000,1,0.580406,10,0.520275,20033,20033,1,2,1.4619,0,3
10000,7,505,495,1000,1,0.673994,10,0.465839,20033,20033,1,4,0.863556,0,5
10000,7,505,495,1000,1,0.669687,10,0.4279,20033,20033,1,5,1.4395,0,6
10000,7,505,495,1000,1,0.637447,10,0.44722,20033,20033,3,3,0.702408,0,6
10000,7,505,495,1000,1,0.724448,10,0.465839,20033,20033,0,2,0.886113,0,2
10000,7,505,495,1000,1,0.761819,10,0.465839,20033,20033,1,1,0.870083,0,2
10000,7,505,495,1000,1,0.713972,10,0.452334,20033,20033,5,2,1.09124,0,7
10000,7,505,495,1000,1,0.580406,10,0.504037,20033,20033,2,3,1.41428,0,5
10000,7,505,495,1000,1,0.64553,10,0.450626,20033,20033,1,1,0.709796,0,2
10000,7,505,495,1000,1,0.672226,10,0.44722,20033,20033,0,4,0.546254,0,4
10000,7,505,495,1000,1,0.704726,10,0.509869,20033,20033,3,1,0.520914,0,4
10000,7,505,495,1000,1,0.634721,10,0.44722,20033,20033,0,1,1.20967,0,1
10000,7,505,495,1000,1,0.672226,10,0.509869,20033,20033,0,0,0.870649,0,0
10000,7,505,495,1000,1,0.620251,10,0.504709,20033,20033,2,3,1.23874,0,5
10000,7,505,495,1000,1,0.589176,10,0.443845,20033,20033,1,2,1.10422,0,3
10000,7,505,495,1000,1,0.677655,10,0.487633,20033,20033,1,2,0.561342,0,3
10000,7,505,495,1000,1,0.620251,10,0.443845,20033,20033,3,2,1.36745,0,5
10000,7,505,495,1000,1,0.619322,10,0.485833,20033,20033,3,0,1.4848,0,3
10000,7,505,495,1000,1,0.651165,10,0.4279,20033,20033,2,3,1.35794,0,5
10000,7,505,495,1000,1,0.605986,10,0.504037,20033,20033,4,2,0.541001,0,6
10000,7,505,495,1000,1,0.760789,10,0.465839,20033,20033,1,1,0.719574,0,2
10000,7,505,495,1000,1,0.677655,10,0.509869,20033,20033,1,9,0.596519,0,10
10000,7,505,495,1000,1,0.613749,10,0.443845,20033,20033,2,5,0.850088,0,7
10000,7,505,495,1000,1,0.524054,10,0.452334,20033,20033,4,3,0.671247,0,7
10000,7,505,495,1000,1,0.57116,10,0.428042,20033,20033,3,5,0.722282,0,8
10000,7,505,495,1000,1,0.608106,10,0.443845,20033,20033,3,2,1.36306,0,5
10000,7,505,495,1000,1,0.637447,10,0.506812,20033,20033,2,0,0.910096,0,2
10000,7,505,495,1000,1,0.564428,10,0.465839,20033,20033,3,3,0.856637,0,6
10000,7,505,495,1000,1,0.56534,10,0.495611,20033,20033,1,4,1.46971,0,5
10000,7,505,495,1000,1,0.557998,10,0.553751,20033,20033,1,6,0.810088,0,7
10000,7,505,495,1000,1,0.580406,10,0.428042,20033,20033,1,2,1.09175,0,3
10000,7,505,495,1000,1,0.651165,10,0.476185,20033,20033,3,3,0.776452,0,6
10000,7,505,495,1000,1,0.760789,10,0.44722,20033,20033,2,2,1.07411,0,4
10000,7,505,495,1000,1,0.601371,10,0.465839,20033,20033,0,0,0.909305,0,0
10000,7,505,495,1000,1,0.608106,10,0.408763,20033,20033,1,1,1.39777,0,2
10000,7,505,495,1000,1,0.581726,10,0.504037,20033,20033,0,2,1.09109,0,2
10000,7,505,495,1000,1,0.71809,10,0.483291,20033,20033,2,1,0.870348,0,3
10000,7,505,495,1000,1,0.552358,10,0.504037,20033,20033,3,3,1.14897,0,6
10000,7,505,495,1000,1,0.608106,10,0.465839,20033,20033,5,6,0.761644,0,11
10000,7,505,495,1000,1,0.713972,10,0.395327,20033,20033,2,0,0.507233,0,2
10000,7,505,495,1000,1,0.697357,10,0.44722,20033,20033,3,3,1.22551,0,6
10000,7,505,495,1000,1,0.634721,10,0.443845,20033,20033,1,3,0.548568,0,4
10000,7,505,495,1000,1,0.439652,10,0.483291,20033,20033,0,0,1.01098,0,0
10000,7,505,495,1000,1,0.620251,10,0.509869,20033,20033,3,4,0.921721,0,7
10000,7,505,495,1000,1,0.651165,10,0.504037,20033,20033,6,4,1.04774,0,10
10000,7,505,495,1000,1,0.550956,10,0.452334,20033,20033,2,1,0.705689,0,3
10000,7,505,495,1000,1,0.54034,10,0.44722,20033,20033,2,4,0.8507,0,6
10000,7,505,495,1000,1,0.651165,10,0.509869,20033,20033,1,1,1.25236,0,2
10000,7,505,495,1000,1,0.672226,10,0.483291,20033,20033,2,1,1.43026,0,3
10000,7,505,495,1000,1,0.580406,10,0.427486,20033,20033,3,1,1.12059,0,4
10000,7,505,495,1000,1,0.619322,10,0.443845,20033,20033,2,2,0.743803,0,4
10000,7,505,495,1000,1,0.673405,10,0.465839,20033,20033,1,1,1.46304,0,2
10000,7,505,495,1000,1,0.672226,10,0.504037,20033,20033,1,1,1.21852,0,2
10000,7,505,495,1000,1,0.724448,10,0.465839,20033,20033,3,3,0.892567,0,6
10000,7,505,495,1000,1,0.704726,10,0.465839,20033,20033,2,5,1.00716,0,7
10000,7,505,495,1000,1,0.580406,10,0.428042,20033,20033,4,3,0.647344,0,7
10000,7,505,495,1000,1,0.64553,10,0.433958,20033,20033,0,3,1.31173,0,3
10000,7,505,495,1000,1,0.669687,10,0.465839,20033,20033,1,0,0.733251,0,1
10000,7,505,495,1000,1,0.590925,10,0.443845,20033,20033,0,0,1.05268,0,0
10000,7,505,495,1000,1,0.608106,10,0.44722,20033,20033,2,2,0.625485,0,4
10000,7,505,495,1000,1,0.713972,10,0.44722,20033,20033,3,2,0.804268,0,5
10000,7,505,495,1000,1,0.634443,10,0.510202,20033,20033,3,2,1.46652,0,5
10000,7,505,495,1000,1,0.677655,10,0.487633,20033,20033,1,6,0.995051,0,7
10000,7,505,495,1000,1,0.704726,10,0.485833,20033,20033,1,2,0.509239,0,3
10000,7,505,495,1000,1,0.672226,10,0.482412,20033,20033,6,6,0.668675,0,12
10000,7,505,495,1000,1,0.619322,10,0.487633,20033,20033,3,3,0.864745,0,6
10000,7,505,495,1000,1,0.669687,10,0.485833,20033,20033,4,1,0.591511,0,5
10000,7,505,495,1000,1,0.704726,10,0.487633,20033,20033,2,1,0.759982,0,3
10000,7,505,495,1000,1,0.634721,10,0.44722,20033,20033,2,2,1.45504,0,4
10000,7,505,495,1000,1,0.580406,10,0.487633,20033,20033,2,0,1.3211,0,2
10000,7,505,495,1000,1,0.677655,10,0.44853,20033,20033,2,1,1.18704,0,3
10000,7,505,495,1000,1,0.677409,10,0.465839,20033,20033,2,1,1.19791,0,3
10000,7,505,495,1000,1,0.672226,10,0.465839,20033,20033,3,4,0.559459,0,7
10000,7,505,495,1000,1,0.482284,10,0.414594,20033,20033,2,2,0.604318,0,4
10000,7,505,495,1000,1,0.580406,10,0.465839,20033,20033,0,4,0.573712,0,4
10000,7,505,495,1000,1,0.617124,10,0.433958,20033,20033,2,3,1.35447,0,5
10000,7,505,495,1000,1,0.64553,10,0.475492,20033,20033,2,1,0.940487,0,3
10000,7,505,495,1000,1,0.630386,10,0.443845,20033,20033,1,3,0.985102,0,4
10000,7,505,495,1000,1,0.620251,10,0.509869,20033,20033,3,3,0.624948,0,6
10000,7,505,495,1000,1,0.704529,10,0.465839,20033,20033,3,6,1.27827,0,9
10000,7,505,495,1000,1,0.760789,10,0.428042,20033,20033,3,3,0.523462,0,6
10000,7,505,495,1000,1,0.552358,10,0.483291,20033,20033,4,3,1.02724,0,7
10000,7,505,495,1000,1,0.439652,10,0.44722,20033,20033,2,0,1.38232,0,2
10000,7,505,495,1000,1,0.704529,10,0.465839,20033,20033,2,5,0.655498,0,7
10000,7,505,495,1000,1,0.761819,10,0.43609,20033,20033,0,5,0.969566,0,5
10000,7,505,495,1000,1,0.580406,10,0.487633,20033,20033,0,2,1.01175,0,2
10000,7,505,495,1000,1,0.677655,10,0.443845,20033,20033,1,2,1.38587,0,3
10000,7,505,495,1000,1,0.620251,10,0.483291,20033,20033,1,1,1.48908,0,2
10000,7,505,495,1000,1,0.620251,10,0.443845,20033,20033,1,4,1.44144,0,5
10000,7,505,495,1000,1,0.56534,10,0.44722,20033,20033,4,0,0.680359,0,4
10000,7,505,495,1000,1,0.619322,10,0.465839,20033,20033,1,1,1.23503,0,2
10000,7,505,495,1000,1,0.744645,10,0.465839,20033,20033,1,4,0.986816,0,5
10000,7,505,495,1000,1,0.608106,10,0.443845,20033,20033,1,4,0.97158,0,5
10000,7,505,495,1000,1,0.57116,10,0.4279,20033,20033,0,2,0.897749,0,2
10000,7,505,495,1000,1,0.677655,10,0.465839,20033,20033,2,4,1.40618,0,6
10000,7,505,495,1000,1,0.56534,10,0.44722,20033,20033,0,2,0.508491,0,2
10000,7,505,495,1000,1,0.550956,10,0.465839,20033,20033,5,2,1.30848,0,7
10000,7,505,495,1000,1,0.439652,10,0.504709,20033,20033,3,3,0.984049,0,6
10000,7,505,495,1000,1,0.580406,10,0.465839,20033,20033,0,2,0.654744,0,2
10000,7,505,495,1000,1,0.608106,10,0.450626,20033,20033,1,0,1.19602,0,1
10000,7,505,495,1000,1,0.704726,10,0.509869,20033,20033,1,5,0.666193,0,6
10000,7,505,495,1000,1,0.672226,10,0.509869,20033,20033,1,3,0.81128,0,4
10000,7,505,495,1000,1,0.634721,10,0.543154,20033,20033,4,3,1.11054,0,7
10000,7,505,495,1000,1,0.672226,10,0.465839,20033,20033,0,4,0.694149,0,4
10000,7,505,495,1000,1,0.677655,10,0.428042,20033,20033,0,0,0.599812,0,0
10000,7,505,495,1000,1,0.677655,10,0.443614,20033,20033,1,4,1.05412,0,5
10000,7,505,495,1000,1,0.713972,10,0.504037,20033,20033,0,3,1.0001,0,3
10000,7,505,495,1000,1,0.57116,10,0.487633,20033,20033,2,1,0.77119,0,3
10000,7,505,495,1000,1,0.672226,10,0.433958,20033,20033,3,3,1.15153,0,6
10000,7,505,495,1000,1,0.713972,10,0.495611,20033,20033,1,1,0.589741,0,2
10000,7,505,495,1000,1,0.677655,10,0.465839,20033,20033,4,4,0.501063,0,8
10000,7,505,495,1000,1,0.630386,10,0.443614,20033,20033,3,3,0.801887,0,6
10000,7,505,495,1000,1,0.64155,10,0.443845,20033,20033,4,1,0.544505,0,5
10000,7,505,495,1000,1,0.64155,10,0.465839,20033,20033,1,3,1.38431,0,4
10000,7,505,495,1000,1,0.64155,10,0.465839,20033,20033,3,2,0.543276,0,5
10000,7,505,495,1000,1,0.580406,10,0.520275,20033,20033,2,3,1.04641,0,5
10000,7,505,495,1000,1,0.56534,10,0.509869,20033,20033,0,0,1.01568,0,0
10000,7,505,495,1000,1,0.669687,10,0.44722,20033,20033,0,2,1.41946,0,2
10000,7,505,495,1000,1,0.677655,10,0.487633,20033,20033,2,2,0.825779,0,4
10000,7,505,495,1000,1,0.571656,10,0.475492,20033,20033,0,3,0.839568,0,3
10000,7,505,495,1000,1,0.760789,10,0.487633,20033,20033,1,6,1.08529,0,7
10000,7,505,495,1000,1,0.580406,10,0.465839,20033,20033,1,4,1.44774,0,5
10000,7,505,495,1000,1,0.619322,10,0.485833,20033,20033,5,1,1.46843,0,6
10000,7,505,495,1000,1,0.56534,10,0.452334,20033,20033,2,4,0.877986,0,6
10000,7,505,495,1000,1,0.704726,10,0.465839,20033,20033,3,4,1.15901,0,7
10000,7,505,495,1000,1,0.713972,10,0.443845,20033,20033,2,2,1.41459,0,4
10000,7,505,495,1000,1,0.724448,10,0.465839,20033,20033,1,0,1.28787,0,1
10000,7,505,495,1000,1,0.550913,10,0.496362,20033,20033,4,2,0.83771,0,6
10000,7,505,495,1000,1,0.724448,10,0.485833,20033,20033,4,5,1.41136,0,9
10000,7,505,495,1000,1,0.550956,10,0.483291,20033,20033,3,3,1.25229,0,6
10000,7,505,495,1000,1,0.608106,10,0.487633,20033,20033,4,3,0.634611,0,7
10000,7,505,495,1000,1,0.580406,10,0.483291,20033,20033,1,3,0.877865,0,4
10000,7,505,495,1000,1,0.651165,10,0.465839,20033,20033,4,0,0.713138,0,4
10000,7,505,495,1000,1,0.71809,10,0.465839,20033,20033,2,5,1.18435,0,7
10000,7,505,495,1000,1,0.620251,10,0.433958,20033,20033,0,2,0.649155,0,2
10000,7,505,495,1000,1,0.608106,10,0.408763,20033,20033,3,0,0.74517,0,3
10000,7,505,495,1000,1,0.613749,10,0.487633,20033,20033,4,2,0.841546,0,6
10000,7,505,495,1000,1,0.57116,10,0.487633,20033,20033,5,2,0.850267,0,7
10000,7,505,495,1000,1,0.64553,10,0.44722,20033,20033,2,3,1.34488,0,5
10000,7,505,495,1000,1,0.630386,10,0.44685,20033,20033,2,0,1.14817,0,2
10000,7,505,495,1000,1,0.704726,10,0.487633,20033,20033,0,2,1.38008,0,2
10000,7,505,495,1000,1,0.677655,10,0.51965,20033,20033,2,8,0.944317,0,10
10000,7,505,495,1000,1,0.506456,10,0.41458,20033,20033,5,5,0.754627,0,10
10000,7,505,495,1000,1,0.673994,10,0.443614,20033,20033,2,1,1.11589,0,3
10000,7,505,495,1000,1,0.580406,10,0.465839,20033,20033,0,3,1.49678,0,3
10000,7,505,495,1000,1,0.557998,10,0.443614,20033,20033,0,5,0.741327,0,5
10000,7,505,495,1000,1,0.651165,10,0.443845,20033,20033,2,1,0.791616,0,3
10000,7,505,495,1000,1,0.670249,10,0.476185,20033,20033,4,2,1.33513,0,6
10000,7,505,495,1000,1,0.676235,10,0.44722,20033,20033,1,1,0.723551,0,2
10000,7,505,495,1000,1,0.634721,10,0.504709,20033,20033,2,2,1.36271,0,4
10000,7,505,495,1000,1,0.704726,10,0.433958,20033,20033,2,3,1.26064,0,5
10000,7,505,495,1000,1,0.634721,10,0.487633,20033,20033,2,3,1.08523,0,5
10000,7,505,495,1000,1,0.613749,10,0.483291,20033,20033,2,4,1.11733,0,6
10000,7,505,495,1000,1,0.64155,10,0.487633,20033,20033,2,3,0.61859,0,5
10000,7,505,495,1000,1,0.56534,10,0.465839,20033,20033,1,2,0.687303,0,3
10000,7,505,495,1000,1,0.608106,10,0.484772,20033,20033,4,1,1.43144,0,5
10000,7,505,495,1000,1,0.672226,10,0.465839,20033,20033,0,2,0.876074,0,2
10000,7,505,495,1000,1,0.651165,10,0.443614,20033,20033,2,2,1.06206,0,4
10000,7,505,495,1000,1,0.704726,10,0.553751,20033,20033,1,3,0.609121,0,4
10000,7,505,495,1000,1,0.64553,10,0.450626,20033,20033,1,3,0.605489,0,4
10000,7,505,495,1000,1,0.608106,10,0.504037,20033,20033,4,3,0.552795,0,7
10000,7,505,495,1000,1,0.439652,10,0.443845,20033,20033,1,1,0.879981,0,2
10000,7,505,495,1000,1,0.760789,10,0.47919,20033,20033,3,5,0.727913,0,8
10000,7,505,495,1000,1,0.651165,10,0.41458,20033,20033,3,1,1.17961,0,4
10000,7,505,495,1000,1,0.670249,10,0.487633,20033,20033,1,2,1.07905,0,3
10000,7,505,495,1000,1,0.651165,10,0.504037,20033,20033,1,4,1.22172,0,5
10000,7,505,495,1000,1,0.619322,10,0.44853,20033,20033,1,4,1.04599,0,5
10000,7,505,495,1000,1,0.651165,10,0.487633,20033,20033,2,4,0.749056,0,6
10000,7,505,495,1000,1,0.713972,10,0.483291,20033,20033,1,0,0.944815,0,1
10000,7,505,495,1000,1,0.713972,10,0.465839,20033,20033,2,2,1.24753,0,4
10000,7,505,495,1000,1,0.601371,10,0.476185,20033,20033,3,2,0.966588,0,5
10000,7,505,495,1000,1,0.704726,10,0.41458,20033,20033,0,2,1.28202,0,2
10000,7,505,495,1000,1,0.634721,10,0.487633,20033,20033,2,2,0.708639,0,4
10000,7,505,495,1000,1,0.620251,10,0.509869,20033,20033,3,3,0.518976,0,6
10000,7,505,495,1000,1,0.550956,10,0.465839,20033,20033,2,2,1.00049,0,4
10000,7,505,495,1000,1,0.550956,10,0.395327,20033,20033,3,2,0.559908,0,5
10000,7,505,495,1000,1,0.56534,10,0.44853,20033,20033,3,1,0.783228,0,4
10000,7,505,495,1000,1,0.677655,10,0.395327,20033,20033,3,0,1.4243,0,3
10000,7,505,495,1000,1,0.677655,10,0.427107,20033,20033,1,0,0.808984,0,1
10000,7,505,495,1000,1,0.619322,10,0.443845,20033,20033,1,1,0.800954,0,2
10000,7,505,495,1000,1,0.586501,10,0.428042,20033,20033,4,2,0.911969,0,6
10000,7,505,495,1000,1,0.704726,10,0.465839,20033,20033,2,6,0.843629,0,8
10000,7,505,495,1000,1,0.677655,10,0.395327,20033,20033,2,3,1.38441,0,5
10000,7,505,495,1000,1,0.651165,10,0.465839,20033,20033,3,0,0.577312,0,3
10000,7,505,495,1000,1,0.57116,10,0.553751,20033,20033,1,7,1.2445,0,8
10000,7,505,495,1000,1,0.651165,10,0.465839,20033,20033,1,4,1.38267,0,5
10000,7,505,495,1000,1,0.704726,10,0.44853,20033,20033,4,4,0.957348,0,8
10000,7,505,495,1000,1,0.620251,10,0.504037,20033,20033,3,9,0.803679,0,12
10000,7,505,495,1000,1,0.704726,10,0.487633,20033,20033,2,4,1.35362,0,6
10000,7,505,495,1000,1,0.677655,10,0.44722,20033,20033,2,6,1.41026,0,8
10000,7,505,495,1000,1,0.613749,10,0.543371,20033,20033,1,4,0.637061,0,5
10000,7,505,495,1000,1,0.550956,10,0.509869,20033,20033,2,1,0.742801,0,3
10000,7,505,495,1000,1,0.672226,10,0.487633,20033,20033,5,4,1.41266,0,9
10000,7,505,495,1000,1,0.704726,10,0.44722,20033,20033,4,2,1.27995,0,6
10000,7,505,495,1000,1,0.64553,10,0.443845,20033,20033,0,0,1.061,0,0
10000,7,505,495,1000,1,0.697357,10,0.43609,20033,20033,0,2,1.01647,0,2
10000,7,505,495,1000,1,0.56534,10,0.465839,20033,20033,4,1,0.659023,0,5
10000,7,505,495,1000,1,0.57116,10,0.483291,20033,20033,0,5,0.913953,0,5
10000,7,505,495,1000,1,0.677655,10,0.465839,20033,20033,3,4,1.25735,0,7
10000,7,505,495,1000,1,0.704726,10,0.485833,20033,20033,1,6,0.859557,0,7
10000,7,505,495,1000,1,0.677655,10,0.452334,20033,20033,0,3,1.31667,0,3
10000,7,505,495,1000,1,0.677655,10,0.506812,20033,20033,3,2,0.645282,0,5
10000,7,505,495,1000,1,0.704726,10,0.504001,20033,20033,4,6,1.47952,0,10
10000,7,505,495,1000,1,0.673994,10,0.395327,20033,20033,1,3,1.11008,0,4
10000,7,505,495,1000,1,0.580406,10,0.509869,20033,20033,2,5,0.680189,0,7
10000,7,505,495,1000,1,0.620251,10,0.433958,20033,20033,2,0,0.549852,0,2
10000,7,505,495,1000,1,0.608106,10,0.41458,20033,20033,5,2,1.34699,0,7
10000,7,505,495,1000,1,0.672226,10,0.44722,20033,20033,1,2,0.906222,0,3
10000,7,505,495,1000,1,0.651165,10,0.509869,20033,20033,1,2,1.02961,0,3
10000,7,505,495,1000,1,0.672226,10,0.44722,20033,20033,2,2,1.05644,0,4
10000,7,505,495,1000,1,0.677655,10,0.481863,20033,20033,3,2,1.43509,0,5
10000,7,505,495,1000,1,0.580406,10,0.443845,20033,20033,5,1,1.04298,0,6
10000,7,505,495,1000,1,0.651165,10,0.44853,20033,20033,1,2,1.29029,0,3
10000,7,505,495,1000,1,0.601371,10,0.443845,20033,20033,2,5,0.718094,0,7
10000,7,505,495,1000,1,0.56534,10,0.549452,20033,20033,2,0,0.951614,0,2
10000,7,505,495,1000,1,0.677655,10,0.443845,20033,20033,3,1,1.08116,0,4
10000,7,505,495,1000,1,0.559094,10,0.446794,20033,20033,2,2,0.504898,0,4
10000,7,505,495,1000,1,0.580406,10,0.496362,20033,20033,2,4,1.26417,0,6
10000,7,505,495,1000,1,0.634443,10,0.414594,20033,20033,0,1,0.99184,0,1
10000,7,505,495,1000,1,0.724448,10,0.465839,20033,20033,2,3,0.50314,0,5
10000,7,505,495,1000,1,0.704726,10,0.487633,20033,20033,3,5,0.8861,0,8
10000,7,505,495,1000,1,0.580406,10,0.520275,20033,20033,2,2,0.832307,0,4
10000,7,505,495,1000,1,0.634443,10,0.465839,20033,20033,3,3,1.22992,0,6
10000,7,505,495,1000,1,0.634443,10,0.504037,20033,20033,0,2,1.2018,0,2
10000,7,505,495,1000,1,0.506456,10,0.457137,20033,20033,3,1,0.972902,0,4
10000,7,505,495,1000,1,0.704529,10,0.465839,20033,20033,1,1,1.18761,0,2
10000,7,505,495,1000,1,0.608106,10,0.4279,20033,20033,2,2,0.596144,0,4
10000,7,505,495,1000,1,0.704529,10,0.473946,20033,20033,1,3,1.41033,0,4
10000,7,505,495,1000,1,0.724448,10,0.428042,20033,20033,1,1,1.33523,0,2
10000,7,505,495,1000,1,0.677655,10,0.44722,20033,20033,3,1,0.72945,0,4
10000,7,505,495,1000,1,0.608106,10,0.443845,20033,20033,2,2,1.29994,0,4
10000,7,505,495,1000,1,0.580406,10,0.509869,20033,20033,1,4,0.635575,0,5
10000,7,505,495,1000,1,0.677655,10,0.44853,20033,20033,3,3,0.553443,0,6
10000,7,505,495,1000,1,0.580406,10,0.452334,20033,20033,0,7,0.718924,0,7
10000,7,505,495,1000,1,0.630587,10,0.487633,20033,20033,0,3,0.915967,0,3
10000,7,505,495,1000,1,0.673994,10,0.443614,20033,20033,3,2,1.09855,0,5
10000,7,505,495,1000,1,0.56534,10,0.504037,20033,20033,3,2,1.43123,0,5
10000,7,505,495,1000,1,0.704726,10,0.504001,20033,20033,1,4,0.507547,0,5
10000,7,505,495,1000,1,0.506456,10,0.491403,20033,20033,3,5,0.748114,0,8
10000,7,505,495,1000,1,0.672226,10,0.482412,20033,20033,2,2,0.658945,0,4
10000,7,505,495,1000,1,0.619322,10,0.443845,20033,20033,1,1,0.564933,0,2
10000,7,505,495,1000,1,0.580406,10,0.44722,20033,20033,1,4,0.805088,0,5
10000,7,505,495,1000,1,0.760789,10,0.509869,20033,20033,3,6,0.632786,0,9
10000,7,505,495,1000,1,0.64155,10,0.473946,20033,20033,5,4,0.574902,0,9
10000,7,505,495,1000,1,0.71809,10,0.443845,20033,20033,2,2,0.529568,0,4
10000,7,505,495,1000,1,0.580406,10,0.475492,20033,20033,1,2,1.26904,0,3
10000,7,505,495,1000,1,0.704529,10,0.465839,20033,20033,1,1,1.11762,0,2
10000,7,505,495,1000,1,0.620251,10,0.395327,20033,20033,3,5,1.24718,0,8
10000,7,505,495,1000,1,0.620251,10,0.465839,20033,20033,3,3,0.792192,0,6
10000,7,505,495,1000,1,0.651165,10,0.44722,20033,20033,0,3,0.580591,0,3
10000,7,505,495,1000,1,0.619322,10,0.464422,20033,20033,0,1,0.516124,0,1
10000,7,505,495,1000,1,0.619322,10,0.464422,20033,20033,3,4,1.47334,0,7
10000,7,505,495,1000,1,0.580406,10,0.487633,20033,20033,2,4,1.08187,0,6
10000,7,505,495,1000,1,0.580406,10,0.506812,20033,20033,2,1,0.693137,0,3
10000,7,505,495,1000,1,0.580406,10,0.487633,20033,20033,0,3,0.501852,0,3
10000,7,505,495,1000,1,0.651165,10,0.433958,20033,20033,0,1,0.768773,0,1
10000,7,505,495,1000,1,0.651165,10,0.465839,20033,20033,3,2,0.55804,0,5
10000,7,505,495,1000,1,0.677655,10,0.44853,20033,20033,0,4,1.34054,0,4
10000,7,505,495,1000,1,0.760789,10,0.443845,20033,20033,2,2,1.32509,0,4
10000,7,505,495,1000,1,0.760789,10,0.465839,20033,20033,2,3,1.03968,0,5
10000,7,505,495,1000,1,0.634443,10,0.465839,20033,20033,4,4,1.11555,0,8
10000,7,505,495,1000,1,0.56534,10,0.475492,20033,20033,0,2,1.05848,0,2
10000,7,505,495,1000,1,0.634443,10,0.465839,20033,20033,1,3,0.7185,0,4
10000,7,505,495,1000,1,0.616013,10,0.465839,20033,20033,2,1,0.953297,0,3
10000,7,505,495,1000,1,0.672226,10,0.509869,20033,20033,2,4,0.619893,0,6
10000,7,505,495,1000,1,0.724448,10,0.445223,20033,20033,3,3,1.22332,0,6
10000,7,505,495,1000,0,0.590925,10,0.428042,0.585897,0.782886,3,3,1.36878,2,6
10000,7,505,495,1000,0,0.634721,10,0.465839,0.546408,0.626546,4,5,1.17295,1,9
10000,7,505,495,1000,0,0.651165,10,0.44722,0.381851,0.471982,1,0,0.853833,5,1
10000,7,505,495,1000,0,0.619322,10,0.465839,0.34362,0.394016,2,3,0.737636,1,5
10000,7,505,495,1000,0,0.57116,10,0.487633,0.46839,0.492149,2,2,0.96054,5,4
10000,7,505,495,1000,0,0.71809,10,0.43609,0.268471,0.347161,1,1,0.615632,4,2
10000,7,505,495,1000,0,0.608106,10,0.443845,0.458828,0.574929,1,1,1.03376,4,2
10000,7,505,495,1000,0,0.761819,10,0.443845,0.521896,0.653956,2,1,1.17585,0,3
10000,7,505,495,1000,0,0.64155,10,0.485833,0.336971,0.356622,1,0,0.693593,3,1
10000,7,505,495,1000,0,0.677655,10,0.632437,0.665629,0.386854,1,2,1.05248,1,3
10000,7,505,495,1000,0,0.669687,10,0.465839,0.680033,0.779769,4,3,1.4598,1,7
10000,7,505,495,1000,0,0.580406,10,0.504001,0.586763,0.577447,3,1,1.16421,1,4
10000,7,505,495,1000,0,0.637447,10,0.395327,0.208796,0.319364,0,4,0.52816,7,4
10000,7,505,495,1000,0,0.677655,10,0.44722,0.493926,0.610512,0,4,1.10444,5,4
10000,7,505,495,1000,0,0.677655,10,0.465839,0.320993,0.368071,1,4,0.689064,3,5
10000,7,505,495,1000,0,0.608106,10,0.475492,0.513976,0.56696,2,1,1.08094,2,3
10000,7,505,495,1000,0,0.64155,10,0.503693,0.579549,0.57105,0,6,1.1506,2,6
10000,7,505,495,1000,0,0.56534,10,0.452334,0.427568,0.51768,1,0,0.945248,5,1
10000,7,505,495,1000,0,0.677655,10,0.443845,0.634185,0.794657,2,2,1.42884,2,4
10000,7,505,495,1000,0,0.56534,10,0.443614,0.46104,0.578242,1,3,1.03928,5,4
10000,7,505,495,1000,0,0.704726,10,0.443845,0.31899,0.399707,1,2,0.718697,8,3
10000,7,505,495,1000,0,0.590925,10,0.428042,0.30402,0.406237,1,0,0.710258,5,1
10000,7,505,495,1000,0,0.580406,10,0.44722,0.260104,0.321498,0,2,0.581602,4,2
10000,7,505,495,1000,0,0.651165,10,0.506812,0.38612,0.37574,1,0,0.76186,4,1
10000,7,505,495,1000,0,0.619322,10,0.44722,0.332361,0.41081,0,3,0.743171,4,3
10000,7,505,495,1000,0,0.672226,10,0.450189,0.536018,0.654634,1,3,1.19065,2,4
10000,7,505,495,1000,0,0.64155,10,0.487633,0.493173,0.518189,2,2,1.01136,4,4
10000,7,505,495,1000,0,0.589176,10,0.4279,0.507138,0.678041,3,3,1.18518,2,6
10000,7,505,495,1000,0,0.57116,10,0.44722,0.312587,0.386369,2,3,0.698956,5,5
10000,7,505,495,1000,0,0.669687,10,0.495611,0.33283,0.338725,0,3,0.671556,2,3
10000,7,505,495,1000,0,0.634721,10,0.465839,0.56099,0.643266,2,5,1.20426,3,7
10000,7,505,495,1000,0,0.634721,10,0.509869,0.709749,0.682274,3,2,1.39202,2,5
10000,7,505,495,1000,0,0.608106,10,0.504037,0.479568,0.471887,2,4,0.951454,4,6
10000,7,505,495,1000,0,0.64155,10,0.465839,0.284163,0.325839,2,0,0.610002,3,2
10000,7,505,495,1000,0,0.651165,10,0.509869,0.460735,0.4429,3,4,0.903635,4,7
10000,7,505,495,1000,0,0.573147,10,0.574009,0.403109,0.299161,1,2,0.702269,5,3
10000,7,505,495,1000,0,0.601371,10,0.487633,0.588978,0.618854,5,2,1.20783,1,7
10000,7,505,495,1000,0,0.672226,10,0.476185,0.357848,0.393642,0,0,0.75149,6,0
10000,7,505,495,1000,0,0.580406,10,0.428042,0.572039,0.764368,1,1,1.33641,1,2
10000,7,505,495,1000,0,0.704726,10,0.465839,0.498893,0.572062,1,7,1.07095,1,8
10000,7,505,495,1000,0,0.760789,10,0.464422,0.315869,0.364264,0,1,0.680132,7,1
10000,7,505,495,1000,0,0.651165,10,0.44722,0.51333,0.634496,3,3,1.14783,3,6
10000,7,505,495,1000,0,0.580406,10,0.465839,0.240398,0.275656,0,3,0.516054,4,3
10000,7,505,495,1000,0,0.634721,10,0.475492,0.711372,0.784705,5,3,1.49608,1,8
10000,7,505,495,1000,0,0.651165,10,0.44722,0.619757,0.766043,3,5,1.3858,1,8
10000,7,505,495,1000,0,0.761819,10,0.504037,0.431346,0.424437,1,6,0.855783,6,7
10000,7,505,495,1000,0,0.608106,10,0.465839,0.451717,0.517967,4,5,0.969684,3,9
10000,7,505,495,1000,0,0.669687,10,0.465839,0.540564,0.619844,2,2,1.16041,3,4
10000,7,505,495,1000,0,0.619322,10,0.543371,0.475452,0.399553,1,0,0.875005,1,1
10000,7,505,495,1000,0,0.634721,10,0.44722,0.509555,0.62983,5,3,1.13939,0,8
10000,7,505,495,1000,0,0.672226,10,0.520275,0.354734,0.327086,1,0,0.68182,4,1
10000,7,505,495,1000,0,0.573147,10,0.482412,0.673138,0.722221,3,8,1.39536,0,11
10000,7,505,495,1000,0,0.619322,10,0.44722,0.643015,0.79479,3,3,1.4378,3,6
10000,7,505,495,1000,0,0.672226,10,0.44722,0.230007,0.284297,1,2,0.514304,2,3
10000,7,505,495,1000,0,0.634721,10,0.509869,0.440766,0.423703,3,5,0.864469,5,8
10000,7,505,495,1000,0,0.64155,10,0.443845,0.502389,0.629512,2,1,1.1319,1,3
10000,7,505,495,1000,0,0.633421,10,0.465839,0.613912,0.70395,6,5,1.31786,0,11
10000,7,505,495,1000,0,0.760789,10,0.47919,0.408738,0.444238,2,1,0.852976,2,3
10000,7,505,495,1000,0,0.672226,10,0.465839,0.388911,0.44595,2,1,0.834861,2,3
10000,7,505,495,1000,0,0.677655,10,0.427107,0.242528,0.325311,1,3,0.56784,4,4
10000,7,505,495,1000,0,0.761819,10,0.509869,0.643202,0.618303,3,2,1.26151,0,5
10000,7,505,495,1000,0,0.634443,10,0.429935,0.231319,0.306714,1,1,0.538034,5,2
10000,7,505,495,1000,0,0.619322,10,0.465839,0.521965,0.598517,0,2,1.12048,1,2
10000,7,505,495,1000,0,0.760789,10,0.44722,0.520972,0.643941,2,3,1.16491,3,5
10000,7,505,495,1000,0,0.704726,10,0.443845,0.499562,0.62597,6,3,1.12553,3,9
10000,7,505,495,1000,0,0.760789,10,0.465839,0.486972,0.558392,3,2,1.04536,2,5
10000,7,505,495,1000,0,0.677655,10,0.504037,0.502548,0.494499,1,6,0.997047,1,7
10000,7,505,495,1000,0,0.677655,10,0.443845,0.292756,0.366834,0,5,0.65959,5,5
10000,7,505,495,1000,0,0.704726,10,0.443845,0.322927,0.404639,0,2,0.727566,4,2
10000,7,505,495,1000,0,0.57116,10,0.509869,0.411422,0.395496,1,5,0.806918,4,6
10000,7,505,495,1000,0,0.760789,10,0.465839,0.371321,0.42578,0,2,0.797101,5,2
10000,7,505,495,1000,0,0.552358,10,0.465839,0.300843,0.344966,0,2,0.645809,2,2
10000,7,505,495,1000,0,0.56534,10,0.452334,0.396544,0.480118,3,2,0.876662,7,5
10000,7,505,495,1000,0,0.57116,10,0.443845,0.247561,0.310204,0,2,0.557765,7,2
10000,7,505,495,1000,0,0.704726,10,0.483291,0.558302,0.596907,3,2,1.15521,1,5
10000,7,505,495,1000,0,0.651165,10,0.487633,0.682171,0.716774,5,3,1.39894,0,8
10000,7,505,495,1000,0,0.704726,10,0.484772,0.666791,0.708684,5,3,1.37547,1,8
10000,7,505,495,1000,0,0.620251,10,0.44722,0.506775,0.626393,3,3,1.13317,6,6
10000,7,505,495,1000,0,0.559094,10,0.553751,0.583421,0.47016,5,5,1.05358,1,10
10000,7,505,495,1000,0,0.677655,10,0.41458,0.440215,0.621618,2,4,1.06183,6,6
10000,7,505,495,1000,0,0.54034,10,0.44722,0.507002,0.626674,4,0,1.13368,5,4
10000,7,505,495,1000,0,0.679103,10,0.465839,0.277878,0.318633,0,1,0.596511,3,1
10000,7,505,495,1000,0,0.704726,10,0.465839,0.571675,0.655518,2,2,1.22719,3,4
10000,7,505,495,1000,0,0.669687,10,0.484772,0.484248,0.514672,4,4,0.99892,3,8
10000,7,505,495,1000,0,0.713972,10,0.395327,0.253173,0.387241,1,4,0.640414,3,5
10000,7,505,495,1000,0,0.619322,10,0.465839,0.465321,0.533567,0,2,0.998888,9,2
10000,7,505,495,1000,0,0.57116,10,0.485833,0.377898,0.399936,1,2,0.777834,2,3
10000,7,505,495,1000,0,0.672226,10,0.418085,0.578385,0.80503,4,4,1.38342,2,8
10000,7,505,495,1000,0,0.57797,10,0.479424,0.596502,0.647703,2,1,1.24421,1,3
10000,7,505,495,1000,0,0.704726,10,0.487633,0.728634,0.765594,4,3,1.49423,4,7
10000,7,505,495,1000,0,0.651165,10,0.510202,0.272096,0.261215,1,1,0.533311,4,2
10000,7,505,495,1000,0,0.672226,10,0.483291,0.412376,0.440891,1,2,0.853267,4,3
10000,7,505,495,1000,0,0.634721,10,0.509869,0.702205,0.675022,3,2,1.37723,2,5
10000,7,505,495,1000,0,0.651165,10,0.487633,0.516044,0.54222,2,4,1.05826,1,6
10000,7,505,495,1000,0,0.619322,10,0.433958,0.334634,0.436486,0,5,0.771121,0,5
10000,7,505,495,1000,0,0.672226,10,0.487633,0.640285,0.672763,4,4,1.31305,0,8
10000,7,505,495,1000,0,0.64553,10,0.465839,0.475499,0.545237,3,2,1.02074,6,5
10000,7,505,495,1000,0,0.651165,10,0.44853,0.298614,0.367148,1,1,0.665763,5,2
10000,7,505,495,1000,0,0.704726,10,0.443614,0.492176,0.617294,8,1,1.10947,2,9
10000,7,505,495,1000,0,0.601371,10,0.465839,0.619694,0.71058,4,6,1.33027,1,10
10000,7,505,495,1000,0,0.620251,10,0.509869,0.373286,0.358836,1,2,0.732122,1,3
10000,7,505,495,1000,0,0.704529,10,0.465839,0.423461,0.485567,1,2,0.909028,6,3
10000,7,505,495,1000,0,0.724448,10,0.465839,0.573125,0.657182,4,5,1.23031,0,9
10000,7,505,495,1000,0,0.651165,10,0.465839,0.416723,0.477841,4,1,0.894565,4,5
10000,7,505,495,1000,0,0.580406,10,0.465839,0.65663,0.752933,9,3,1.40956,0,12
10000,7,505,495,1000,0,0.724448,10,0.483291,0.718984,0.7687,2,1,1.48768,2,3
10000,7,505,495,1000,0,0.619322,10,0.465839,0.476322,0.54618,3,1,1.0225,1,4
10000,7,505,495,1000,0,0.651165,10,0.44722,0.267017,0.330043,3,1,0.59706,6,4
10000,7,505,495,1000,0,0.669687,10,0.465839,0.551791,0.632718,4,3,1.18451,0,7
10000,7,505,495,1000,0,0.54034,10,0.465839,0.697549,0.799853,1,5,1.4974,0,6
10000,7,505,495,1000,0,0.620251,10,0.443845,0.266689,0.334171,1,2,0.60086,3,3
10000,7,505,495,1000,0,0.704726,10,0.483291,0.335737,0.358952,1,1,0.694689,5,2
10000,7,505,495,1000,0,0.704726,10,0.44722,0.576103,0.712085,3,1,1.28819,0,4
10000,7,505,495,1000,0,0.605986,10,0.465839,0.476006,0.545818,2,3,1.02182,3,5
10000,7,505,495,1000,0,0.580406,10,0.452334,0.53114,0.643081,3,7,1.17422,3,10
10000,7,505,495,1000,0,0.580406,10,0.395327,0.433311,0.662773,5,0,1.09608,6,5
10000,7,505,495,1000,0,0.56534,10,0.433958,0.358595,0.46774,1,1,0.826335,8,2
10000,7,505,495,1000,0,0.552358,10,0.428042,0.538451,0.719487,4,1,1.25794,1,5
10000,7,505,495,1000,0,0.677655,10,0.464422,0.66425,0.766023,3,8,1.43027,1,11
10000,7,505,495,1000,0,0.637447,10,0.487633,0.694905,0.730154,5,3,1.42506,0,8
10000,7,505,495,1000,0,0.620251,10,0.41458,0.483692,0.68301,1,1,1.1667,3,2
10000,7,505,495,1000,0,0.672226,10,0.487633,0.69909,0.734551,1,0,1.43364,0,1
10000,7,505,495,1000,0,0.713972,10,0.465839,0.537723,0.616587,2,2,1.15431,3,4
10000,7,505,495,1000,0,0.550956,10,0.433958,0.517102,0.674493,2,4,1.19159,3,6
10000,7,505,495,1000,0,0.550956,10,0.475544,0.303547,0.334768,2,2,0.638314,2,4
10000,7,505,495,1000,0,0.677655,10,0.485833,0.664334,0.703077,1,4,1.36741,1,5
10000,7,505,495,1000,0,0.704726,10,0.414594,0.26526,0.374547,0,2,0.639807,4,2
10000,7,505,495,1000,0,0.580406,10,0.520275,0.479073,0.441734,2,1,0.920807,1,3
10000,7,505,495,1000,0,0.601371,10,0.44722,0.361332,0.44662,2,6,0.807951,6,8
10000,7,505,495,1000,0,0.601371,10,0.465839,0.59511,0.682391,4,2,1.2775,0,6
10000,7,505,495,1000,0,0.57116,10,0.520275,0.318749,0.293906,1,1,0.612655,8,2
10000,7,505,495,1000,0,0.57116,10,0.44722,0.523813,0.647453,4,3,1.17127,2,7
10000,7,505,495,1000,0,0.677655,10,0.465839,0.433841,0.49747,2,1,0.931311,4,3
10000,7,505,495,1000,0,0.601371,10,0.487633,0.326608,0.343175,2,1,0.669783,1,3
10000,7,505,495,1000,0,0.620251,10,0.465839,0.295509,0.338849,0,0,0.634359,3,0
10000,7,505,495,1000,0,0.724448,10,0.509869,0.394481,0.37921,1,6,0.773691,3,7
10000,7,505,495,1000,0,0.735419,10,0.414594,0.607845,0.858275,4,5,1.46612,1,9
10000,7,505,495,1000,0,0.608106,10,0.483291,0.664681,0.710641,6,5,1.37532,1,11
10000,7,505,495,1000,0,0.64155,10,0.465839,0.616182,0.706553,2,2,1.32273,1,4
10000,7,505,495,1000,0,0.608106,10,0.443845,0.39934,0.500388,1,1,0.899728,3,2
10000,7,505,495,1000,0,0.64155,10,0.44722,0.556641,0.68803,5,1,1.24467,3,6
10000,7,505,495,1000,0,0.672226,10,0.465839,0.293189,0.336189,0,1,0.629378,3,1
10000,7,505,495,1000,0,0.552358,10,0.465839,0.409969,0.470096,2,3,0.880065,2,5
10000,7,505,495,1000,0,0.619322,10,0.443845,0.348198,0.436305,3,3,0.784503,6,6
10000,7,505,495,1000,0,0.620251,10,0.44722,0.475471,0.5877,2,2,1.06317,4,4
10000,7,505,495,1000,0,0.651165,10,0.509869,0.514663,0.494741,2,3,1.0094,2,5
10000,7,505,495,1000,0,0.608106,10,0.509869,0.50564,0.486066,2,1,0.991706,5,3
10000,7,505,495,1000,0,0.634721,10,0.433958,0.436835,0.569795,2,2,1.00663,6,4
10000,7,505,495,1000,0,0.571656,10,0.483291,0.65674,0.702152,1,3,1.35889,2,4
10000,7,505,495,1000,0,0.580406,10,0.414594,0.426334,0.601982,3,3,1.02832,4,6
10000,7,505,495,1000,0,0.760789,10,0.465839,0.549909,0.63056,3,2,1.18047,6,5
10000,7,505,495,1000,0,0.619322,10,0.443845,0.441338,0.553012,2,3,0.99435,4,5
10000,7,505,495,1000,0,0.704726,10,0.433958,0.249593,0.325562,0,4,0.575155,7,4
10000,7,505,495,1000,0,0.580406,10,0.443845,0.372522,0.466784,1,4,0.839307,3,5
10000,7,505,495,1000,0,0.580406,10,0.395327,0.400495,0.612579,3,1,1.01307,7,4
10000,7,505,495,1000,0,0.618193,10,0.487633,0.616353,0.647618,3,8,1.26397,1,11
10000,7,505,495,1000,0,0.608106,10,0.527795,0.588226,0.526272,2,2,1.1145,2,4
10000,7,505,495,1000,0,0.760789,10,0.428042,0.385104,0.514583,0,3,0.899686,2,3
10000,7,505,495,1000,0,0.672226,10,0.487633,0.70234,0.737966,6,4,1.44031,1,10
10000,7,505,495,1000,0,0.724448,10,0.476185,0.309297,0.340235,0,6,0.649532,2,6
10000,7,505,495,1000,0,0.704726,10,0.465839,0.605114,0.693861,2,1,1.29898,2,3
10000,7,505,495,1000,0,0.608106,10,0.487633,0.556008,0.584211,2,5,1.14022,4,7
10000,7,505,495,1000,0,0.704726,10,0.483291,0.261327,0.279397,0,2,0.540723,7,2
10000,7,505,495,1000,0,0.586386,10,0.44722,0.661885,0.818115,3,1,1.48,1,4
10000,7,505,495,1000,0,0.724448,10,0.427107,0.527448,0.707484,4,3,1.23493,2,7
10000,7,505,495,1000,0,0.672226,10,0.509869,0.708697,0.681263,3,3,1.38996,5,6
10000,7,505,495,1000,0,0.634721,10,0.509869,0.547455,0.526263,3,4,1.07372,2,7
10000,7,505,495,1000,0,0.677655,10,0.465839,0.454198,0.520812,0,3,0.97501,2,3
10000,7,505,495,1000,0,0.64155,10,0.473946,0.61925,0.687334,3,1,1.30658,0,4
10000,7,505,495,1000,0,0.578568,10,0.44722,0.554874,0.685845,3,2,1.24072,5,5
10000,7,505,495,1000,0,0.619322,10,0.44853,0.450416,0.553789,2,2,1.00421,4,4
10000,7,505,495,1000,0,0.619322,10,0.465839,0.583468,0.669041,4,5,1.25251,1,9
10000,7,505,495,1000,0,0.573147,10,0.452334,0.27236,0.329762,1,1,0.602122,5,2
10000,7,505,495,1000,0,0.619322,10,0.44722,0.277271,0.342717,0,1,0.619988,4,1
10000,7,505,495,1000,0,0.619322,10,0.465839,0.42147,0.483284,3,4,0.904753,5,7
10000,7,505,495,1000,0,0.586386,10,0.465839,0.35959,0.412329,0,3,0.771919,3,3
10000,7,505,495,1000,0,0.651165,10,0.395327,0.558084,0.853619,3,3,1.4117,1,6
10000,7,505,495,1000,0,0.633421,10,0.452334,0.639387,0.774141,6,3,1.41353,2,9
10000,7,505,495,1000,0,0.620251,10,0.429935,0.473579,0.627934,0,5,1.10151,5,5
10000,7,505,495,1000,0,0.580406,10,0.443845,0.530286,0.664468,0,5,1.19475,4,5
10000,7,505,495,1000,0,0.620251,10,0.44853,0.628375,0.772591,6,6,1.40097,1,12
10000,7,505,495,1000,0,0.580406,10,0.506812,0.746855,0.726778,4,4,1.47363,1,8
10000,7,505,495,1000,0,0.622306,10,0.465839,0.695848,0.797903,4,3,1.49375,1,7
10000,7,505,495,1000,0,0.677655,10,0.509869,0.670442,0.644489,6,3,1.31493,0,9
10000,7,505,495,1000,0,0.439652,10,0.504037,0.317511,0.312425,0,2,0.629936,5,2
10000,7,505,495,1000,0,0.672226,10,0.414594,0.361706,0.510727,1,5,0.872433,7,6
10000,7,505,495,1000,0,0.735419,10,0.487633,0.297134,0.312206,1,3,0.609341,4,4
10000,7,505,495,1000,0,0.760789,10,0.549452,0.433241,0.355255,2,4,0.788496,4,6
10000,7,505,495,1000,0,0.608106,10,0.509869,0.551419,0.530073,2,6,1.08149,1,8
10000,7,505,495,1000,0,0.634721,10,0.487633,0.534634,0.561753,3,3,1.09639,1,6
10000,7,505,495,1000,0,0.634443,10,0.429935,0.297036,0.39385,0,5,0.690886,2,5
10000,7,505,495,1000,0,0.713972,10,0.509869,0.657386,0.631939,3,2,1.28933,0,5
10000,7,505,495,1000,0,0.620251,10,0.465839,0.49514,0.567759,0,2,1.0629,5,2
10000,7,505,495,1000,0,0.643939,10,0.504037,0.570199,0.561066,7,5,1.13126,1,12
10000,7,505,495,1000,0,0.704726,10,0.443845,0.396039,0.496251,2,1,0.89229,7,3
10000,7,505,495,1000,0,0.634721,10,0.509869,0.555986,0.534464,2,6,1.09045,3,8
10000,7,505,495,1000,0,0.57116,10,0.483291,0.310887,0.332384,0,5,0.64327,5,5
10000,7,505,495,1000,0,0.601371,10,0.509869,0.462314,0.444418,1,2,0.906732,5,3
10000,7,505,495,1000,0,0.580406,10,0.465839,0.234571,0.268973,1,2,0.503544,4,3
10000,7,505,495,1000,0,0.704726,10,0.443614,0.640752,0.803639,1,5,1.44439,0,6
10000,7,505,495,1000,0,0.704726,10,0.509869,0.335387,0.322404,0,1,0.657791,2,1
10000,7,505,495,1000,0,0.619322,10,0.443845,0.575199,0.720746,6,6,1.29595,1,12
10000,7,505,495,1000,0,0.56534,10,0.58122,0.682327,0.49163,2,5,1.17396,2,7
10000,7,505,495,1000,0,0.677655,10,0.465839,0.427552,0.490259,2,2,0.917811,7,4
10000,7,505,495,1000,0,0.760789,10,0.465839,0.572992,0.657028,3,2,1.23002,1,5
10000,7,505,495,1000,0,0.704726,10,0.487633,0.708731,0.744681,3,2,1.45341,0,5
10000,7,505,495,1000,0,0.580406,10,0.465839,0.496162,0.568931,4,6,1.06509,1,10
10000,7,505,495,1000,0,0.71809,10,0.509869,0.561882,0.540131,0,7,1.10201,2,7
10000,7,505,495,1000,0,0.54034,10,0.443614,0.617121,0.774001,2,3,1.39112,0,5
10000,7,505,495,1000,0,0.651165,10,0.44722,0.494276,0.610944,2,0,1.10522,5,2
10000,7,505,495,1000,0,0.608106,10,0.44722,0.66733,0.824845,2,1,1.49217,2,3
10000,7,505,495,1000,0,0.651165,10,0.44722,0.584559,0.722537,2,6,1.3071,0,8
10000,7,505,495,1000,0,0.677655,10,0.44722,0.41827,0.516998,4,3,0.935268,4,7
10000,7,505,495,1000,0,0.601371,10,0.395327,0.343585,0.525532,1,1,0.869118,4,2
10000,7,505,495,1000,0,0.56534,10,0.443845,0.2492,0.312257,1,4,0.561457,1,5
10000,7,505,495,1000,0,0.651165,10,0.504037,0.744018,0.732101,4,2,1.47612,4,6
10000,7,505,495,1000,0,0.651165,10,0.465839,0.33679,0.386184,0,1,0.722974,10,1
10000,7,505,495,1000,0,0.672226,10,0.480101,0.593818,0.643043,2,4,1.23686,0,6
10000,7,505,495,1000,0,0.620251,10,0.443845,0.403929,0.506138,1,2,0.910067,6,3
10000,7,505,495,1000,0,0.54034,10,0.452334,0.451978,0.547234,1,2,0.999212,2,3
10000,7,505,495,1000,0,0.672226,10,0.465839,0.512912,0.588137,0,0,1.10105,1,0
10000,7,505,495,1000,0,0.672226,10,0.443845,0.431129,0.540221,2,2,0.97135,2,4
10000,7,505,495,1000,0,0.637447,10,0.506812,0.536724,0.522295,3,3,1.05902,3,6
10000,7,505,495,1000,0,0.550956,10,0.465839,0.476839,0.546773,3,2,1.02361,4,5
10000,7,505,495,1000,0,0.71809,10,0.465839,0.281249,0.322497,0,3,0.603746,4,3
10000,7,505,495,1000,0,0.724448,10,0.475492,0.657409,0.725179,1,6,1.38259,0,7
10000,7,505,495,1000,0,0.56534,10,0.509869,0.762324,0.732814,5,4,1.49514,1,9
10000,7,505,495,1000,0,0.677655,10,0.509869,0.269068,0.258653,1,5,0.527721,5,6
10000,7,505,495,1000,0,0.573147,10,0.465839,0.404126,0.463396,1,2,0.867522,6,3
10000,7,505,495,1000,0,0.557998,10,0.476185,0.305811,0.3364,0,1,0.642212,3,1
10000,7,505,495,1000,0,0.660277,10,0.476185,0.27712,0.304839,1,3,0.58196,9,4
10000,7,505,495,1000,0,0.713972,10,0.443845,0.662996,0.830759,1,2,1.49376,0,3
10000,7,505,495,1000,0,0.669687,10,0.465839,0.615686,0.705984,4,3,1.32167,0,7
10000,7,505,495,1000,0,0.704726,10,0.487633,0.478348,0.502611,1,1,0.980959,2,2
10000,7,505,495,1000,0,0.506456,10,0.443845,0.426614,0.534563,0,1,0.961176,3,1
10000,7,505,495,1000,0,0.620251,10,0.495611,0.47798,0.486446,2,6,0.964426,6,8
10000,7,505,495,1000,0,0.608106,10,0.44722,0.613192,0.757929,4,7,1.37112,1,11
10000,7,505,495,1000,0,0.578568,10,0.485833,0.381585,0.403839,3,1,0.785424,6,4
10000,7,505,495,1000,0,0.760789,10,0.443845,0.51391,0.643948,3,5,1.15786,4,8
10000,7,505,495,1000,0,0.580406,10,0.450626,0.655212,0.798791,2,3,1.454,1,5
10000,7,505,495,1000,0,0.713972,10,0.425715,0.49998,0.674467,5,1,1.17445,3,6
10000,7,505,495,1000,0,0.559094,10,0.504709,0.41096,0.403291,2,0,0.814251,5,2
10000,7,505,495,1000,0,0.704726,10,0.509869,0.45186,0.434368,2,3,0.886228,7,5
10000,7,505,495,1000,0,0.677655,10,0.487633,0.423282,0.444753,0,4,0.868036,6,4
10000,7,505,495,1000,0,0.550913,10,0.506812,0.282192,0.274606,1,2,0.556798,2,3
10000,7,505,495,1000,0,0.56748,10,0.4279,0.311885,0.416988,1,1,0.728873,3,2
10000,7,505,495,1000,0,0.704726,10,0.465839,0.414113,0.474848,1,2,0.888962,2,3
10000,7,505,495,1000,0,0.679103,10,0.483291,0.519033,0.554923,1,6,1.07396,1,7
10000,7,505,495,1000,0,0.56534,10,0.44722,0.666523,0.823847,3,2,1.49037,1,5
10000,7,505,495,1000,0,0.571656,10,0.41458,0.453775,0.640766,2,0,1.09454,6,2
10000,7,505,495,1000,0,0.619322,10,0.465839,0.3215,0.368652,0,1,0.690152,5,1
10000,7,505,495,1000,0,0.677655,10,0.509869,0.638141,0.613438,4,1,1.25158,1,5
10000,7,505,495,1000,0,0.634721,10,0.503693,0.336257,0.331326,0,6,0.667583,7,6
10000,7,505,495,1000,0,0.651165,10,0.346867,0.484942,0.913122,4,1,1.39806,4,5
10000,7,505,495,1000,0,0.761819,10,0.43609,0.448455,0.579899,0,1,1.02835,4,1
10000,7,505,495,1000,0,0.557998,10,0.476185,0.528735,0.581623,2,1,1.11036,0,3
10000,7,505,495,1000,0,0.550956,10,0.465839,0.381116,0.437012,1,4,0.818128,5,5
10000,7,505,495,1000,0,0.608106,10,0.433958,0.650391,0.84835,2,1,1.49874,2,3
10000,7,505,495,1000,0,0.651165,10,0.504709,0.333147,0.32693,1,4,0.660077,3,5
10000,7,505,495,1000,0,0.704726,10,0.506812,0.636295,0.61919,1,5,1.25548,1,6
10000,7,505,495,1000,0,0.724448,10,0.443845,0.601562,0.75378,3,6,1.35534,2,9
10000,7,505,495,1000,0,0.713972,10,0.504037,0.634996,0.624826,8,5,1.25982,2,13
10000,7,505,495,1000,0,0.760789,10,0.443614,0.482696,0.605403,2,2,1.0881,4,4
10000,7,505,495,1000,0,0.601371,10,0.475544,0.439538,0.484746,0,3,0.924283,3,3
10000,7,505,495,1000,0,0.677655,10,0.4279,0.395004,0.528118,3,1,0.923123,5,4
10000,7,505,495,1000,0,0.566192,10,0.476185,0.47012,0.517144,4,3,0.987264,3,7
10000,7,505,495,1000,0,0.580406,10,0.475492,0.414541,0.457274,2,2,0.871815,5,4
10000,7,505,495,1000,0,0.704726,10,0.443845,0.259773,0.325505,1,3,0.585278,2,4
10000,7,505,495,1000,0,0.619322,10,0.465839,0.656259,0.752507,2,4,1.40877,1,6
10000,7,505,495,1000,0,0.677655,10,0.464422,0.273227,0.315089,0,1,0.588316,6,1
10000,7,505,495,1000,0,0.580406,10,0.487633,0.560236,0.588654,0,4,1.14889,0,4
10000,7,505,495,1000,0,0.672226,10,0.487633,0.279629,0.293813,1,4,0.573441,5,5
10000,7,505,495,1000,0,0.580406,10,0.450189,0.500248,0.610948,2,6,1.1112,1,8
10000,7,505,495,1000,0,0.580406,10,0.44722,0.473206,0.584901,0,2,1.05811,3,2
10000,7,505,495,1000,0,0.672226,10,0.429935,0.512366,0.679363,5,3,1.19173,3,8
10000,7,505,495,1000,0,0.57116,10,0.509869,0.435012,0.418173,0,3,0.853185,2,3
10000,7,505,495,1000,0,0.64155,10,0.41458,0.442628,0.625024,1,3,1.06765,2,4
10000,7,505,495,1000,0,0.672226,10,0.44722,0.417726,0.516325,0,2,0.934052,6,2
10000,7,505,495,1000,0,0.482284,10,0.495611,0.504715,0.513654,3,4,1.01837,1,7
10000,7,505,495,1000,0,0.56534,10,0.485833,0.33992,0.359744,2,2,0.699664,5,4
10000,7,505,495,1000,0,0.581726,10,0.443845,0.390055,0.488754,1,3,0.878809,1,4
10000,7,505,495,1000,0,0.677655,10,0.476185,0.427577,0.470346,4,2,0.897924,4,6
10000,7,505,495,1000,0,0.634721,10,0.433958,0.544109,0.709719,1,2,1.25383,2,3
10000,7,505,495,1000,0,0.672226,10,0.465839,0.450876,0.517003,0,4,0.967879,6,4
10000,7,505,495,1000,0,0.637447,10,0.465839,0.396941,0.455158,1,1,0.852099,2,2
10000,7,505,495,1000,0,0.634721,10,0.44722,0.498187,0.615778,0,4,1.11397,3,4
10000,7,505,495,1000,0,0.634721,10,0.487633,0.517957,0.54423,3,0,1.06219,1,3
10000,7,505,495,1000,0,0.619322,10,0.465839,0.581701,0.667015,5,1,1.24872,0,6
10000,7,505,495,1000,0,0.620251,10,0.44722,0.417735,0.516336,2,2,0.93407,4,4
10000,7,505,495,1000,0,0.704726,10,0.491034,0.468845,0.485967,1,4,0.954813,4,5
10000,7,505,495,1000,0,0.571656,10,0.549452,0.6515,0.534227,0,4,1.18573,2,4
10000,7,505,495,1000,0,0.578568,10,0.483291,0.569765,0.609163,1,3,1.17893,1,4
10000,7,505,495,1000,0,0.55694,10,0.433958,0.395959,0.516476,0,3,0.912435,3,3
10000,7,505,495,1000,0,0.619322,10,0.395327,0.561099,0.858231,6,2,1.41933,2,8
10000,7,505,495,1000,0,0.637447,10,0.395327,0.202655,0.309972,1,1,0.512628,4,2
10000,7,505,495,1000,0,0.760789,10,0.465839,0.342585,0.392829,0,1,0.735414,10,1
10000,7,505,495,1000,0,0.552358,10,0.465839,0.397137,0.455382,3,0,0.852519,3,3
10000,7,505,495,1000,0,0.651165,10,0.487633,0.550192,0.578101,3,2,1.12829,3,5
10000,7,505,495,1000,0,0.64553,10,0.487633,0.296242,0.311269,0,1,0.60751,3,1
10000,7,505,495,1000,0,0.651165,10,0.465839,0.657309,0.753712,3,1,1.41102,1,4
10000,7,505,495,1000,0,0.580406,10,0.510202,0.451057,0.433019,4,5,0.884076,2,9
10000,7,505,495,1000,0,0.634443,10,0.504037,0.402541,0.396093,1,5,0.798634,7,6
10000,7,505,495,1000,0,0.651165,10,0.487633,0.573433,0.60252,1,3,1.17595,2,4
10000,7,505,495,1000,0,0.704529,10,0.465839,0.651893,0.747501,7,5,1.39939,2,12
10000,7,505,495,1000,0,0.672226,10,0.504037,0.624124,0.614127,1,5,1.23825,3,6
10000,7,505,495,1000,0,0.597795,10,0.465839,0.628459,0.72063,7,0,1.34909,1,7
10000,7,505,495,1000,0,0.608106,10,0.41458,0.241052,0.340384,2,2,0.581436,9,4
10000,7,505,495,1000,0,0.677655,10,0.465839,0.528113,0.605568,1,6,1.13368,1,7
10000,7,505,495,1000,0,0.436935,10,0.4279,0.519363,0.694385,1,2,1.21375,2,3
10000,7,505,495,1000,0,0.677655,10,0.504037,0.643931,0.633617,2,2,1.27755,2,4
10000,7,505,495,1000,0,0.704726,10,0.465839,0.401704,0.460619,1,0,0.862323,4,1
10000,7,505,495,1000,0,0.672226,10,0.543154,0.646752,0.543983,2,5,1.19074,0,7
10000,7,505,495,1000,0,0.56534,10,0.44722,0.516667,0.638619,7,2,1.15529,2,9
10000,7,505,495,1000,0,0.62821,10,0.476185,0.527129,0.579856,2,4,1.10699,2,6
10000,7,505,495,1000,0,0.694042,10,0.465839,0.364112,0.417513,0,3,0.781625,2,3
10000,7,505,495,1000,0,0.651165,10,0.465839,0.592636,0.679554,4,6,1.27219,0,10
10000,7,505,495,1000,0,0.601371,10,0.481863,0.456605,0.490977,3,5,0.947581,5,8
10000,7,505,495,1000,0,0.608106,10,0.487633,0.4017,0.422076,1,4,0.823777,4,5
10000,7,505,495,1000,0,0.619322,10,0.445993,0.635749,0.789719,3,2,1.42547,0,5
10000,7,505,495,1000,0,0.620251,10,0.443845,0.443572,0.555813,3,1,0.999385,3,4
10000,7,505,495,1000,0,0.580406,10,0.487633,0.335697,0.352725,1,1,0.688423,5,2
10000,7,505,495,1000,0,0.580406,10,0.428042,0.44979,0.601018,2,3,1.05081,5,5
10000,7,505,495,1000,0,0.634721,10,0.433958,0.445164,0.580658,1,3,1.02582,1,4
10000,7,505,495,1000,0,0.713972,10,0.428042,0.298434,0.398773,1,0,0.697208,5,1
10000,7,505,495,1000,0,0.760789,10,0.428042,0.476823,0.637139,1,3,1.11396,4,4
10000,7,505,495,1000,0,0.634721,10,0.509869,0.426497,0.409987,1,1,0.836485,5,2
10000,7,505,495,1000,0,0.619322,10,0.543371,0.714295,0.600268,4,4,1.31456,1,8
10000,7,505,495,1000,0,0.56534,10,0.44722,0.418444,0.517213,1,2,0.935657,3,3
10000,7,505,495,1000,0,0.56534,10,0.465839,0.525597,0.602683,2,5,1.12828,2,7
10000,7,505,495,1000,0,0.651165,10,0.44722,0.332147,0.410546,1,3,0.742693,4,4
10000,7,505,495,1000,0,0.580406,10,0.44722,0.485108,0.599612,2,2,1.08472,3,4
10000,7,505,495,1000,0,0.601371,10,0.480101,0.606972,0.657288,3,3,1.26426,1,6
10000,7,505,495,1000,0,0.713972,10,0.44722,0.657968,0.813273,4,3,1.47124,0,7
10000,7,505,495,1000,0,0.704726,10,0.487633,0.382283,0.401674,2,1,0.783957,2,3
10000,7,505,495,1000,0,0.580406,10,0.44722,0.230362,0.284736,1,2,0.515099,5,3
10000,7,505,495,1000,0,0.673994,10,0.443845,0.532585,0.667349,2,1,1.19993,2,3
10000,7,505,495,1000,0,0.64553,10,0.483291,0.356198,0.380828,4,3,0.737026,3,7
10000,7,505,495,1000,0,0.672226,10,0.414594,0.561229,0.792453,5,3,1.35368,0,8
10000,7,505,495,1000,0,0.724448,10,0.450626,0.299551,0.365193,1,2,0.664744,3,3
10000,7,505,495,1000,0,0.677655,10,0.509869,0.444575,0.427365,2,4,0.871941,4,6
10000,7,505,495,1000,0,0.608106,10,0.408763,0.462641,0.669165,3,3,1.13181,8,6
10000,7,505,495,1000,0,0.677655,10,0.509869,0.543603,0.52256,0,2,1.06616,2,2
10000,7,505,495,1000,0,0.550956,10,0.509869,0.317022,0.30475,1,2,0.621772,2,3
10000,7,505,495,1000,0,0.57116,10,0.504037,0.624791,0.614784,3,6,1.23957,0,9
10000,7,505,495,1000,0,0.634443,10,0.395327,0.311627,0.476651,3,3,0.788278,5,6
10000,7,505,495,1000,0,0.620251,10,0.465839,0.314949,0.36114,2,2,0.676089,4,4
10000,7,505,495,1000,0,0.580406,10,0.520275,0.362657,0.334392,0,5,0.697049,2,5
10000,7,505,495,1000,0,0.608106,10,0.509869,0.461227,0.443372,4,4,0.904599,3,8
10000,7,505,495,1000,0,0.679103,10,0.443614,0.552546,0.69301,3,1,1.24556,5,4
10000,7,505,495,1000,0,0.672226,10,0.465839,0.392943,0.450573,0,0,0.843516,2,0
10000,7,505,495,1000,0,0.619322,10,0.4279,0.312952,0.418415,2,1,0.731368,4,3
10000,7,505,495,1000,0,0.586501,10,0.487633,0.670084,0.704073,4,2,1.37416,0,6
10000,7,505,495,1000,0,0.552358,10,0.509869,0.546941,0.525769,4,3,1.07271,1,7
10000,7,505,495,1000,0,0.724448,10,0.483291,0.599241,0.640677,2,0,1.23992,3,2
10000,7,505,495,1000,0,0.580406,10,0.465839,0.337144,0.386591,0,3,0.723735,5,3
10000,7,505,495,1000,0,0.651165,10,0.487633,0.630135,0.662099,3,4,1.29223,0,7
10000,7,505,495,1000,0,0.608106,10,0.480101,0.694591,0.75217,2,5,1.44676,0,7
10000,7,505,495,1000,0,0.634721,10,0.443614,0.36772,0.461199,0,3,0.828919,5,3
10000,7,505,495,1000,0,0.608106,10,0.465839,0.355598,0.407751,0,1,0.763349,6,1
10000,7,505,495,1000,0,0.573147,10,0.465839,0.395149,0.453102,1,3,0.848251,5,4
10000,7,505,495,1000,0,0.760789,10,0.443845,0.298769,0.374368,1,4,0.673137,4,5
10000,7,505,495,1000,0,0.580406,10,0.385308,0.291632,0.465247,1,0,0.756878,2,1
10000,7,505,495,1000,0,0.651165,10,0.414166,0.242508,0.343024,0,2,0.585532,2,2
10000,7,505,495,1000,0,0.677655,10,0.443845,0.592701,0.742676,2,3,1.33538,2,5
10000,7,505,495,1000,0,0.704726,10,0.487633,0.395844,0.415923,1,0,0.811768,4,1
10000,7,505,495,1000,0,0.620251,10,0.475492,0.693724,0.765237,3,4,1.45896,5,7
10000,7,505,495,1000,0,0.601371,10,0.487633,0.716285,0.752618,1,1,1.4689,1,2
10000,7,505,495,1000,0,0.696635,10,0.4279,0.410029,0.548206,2,2,0.958235,3,4
10000,7,505,495,1000,0,0.628991,10,0.465839,0.625716,0.717485,3,2,1.3432,1,5
10000,7,505,495,1000,0,0.760789,10,0.443845,0.437817,0.548601,2,3,0.986418,5,5
10000,7,505,495,1000,0,0.679103,10,0.487633,0.522878,0.549401,0,7,1.07228,2,7
10000,7,505,495,1000,0,0.634721,10,0.487633,0.464873,0.488453,1,1,0.953326,3,2
10000,7,505,495,1000,0,0.580406,10,0.465839,0.410681,0.470913,0,1,0.881594,6,1
10000,7,505,495,1000,0,0.713972,10,0.44722,0.463558,0.572976,4,4,1.03653,3,8
10000,7,505,495,1000,0,0.697357,10,0.433958,0.323309,0.421715,2,2,0.745024,3,4
10000,7,505,495,1000,0,0.550956,10,0.487633,0.604548,0.635213,4,0,1.23976,1,4
10000,7,505,495,1000,0,0.713972,10,0.465839,0.318483,0.365192,1,3,0.683675,4,4
10000,7,505,495,1000,0,0.634443,10,0.504037,0.283816,0.27927,1,2,0.563086,5,3
10000,7,505,495,1000,0,0.724448,10,0.464422,0.422809,0.48759,4,0,0.910399,3,4
10000,7,505,495,1000,0,0.64553,10,0.450626,0.381299,0.464854,1,2,0.846152,7,3
10000,7,505,495,1000,0,0.677655,10,0.509869,0.647602,0.622533,3,7,1.27013,0,10
10000,7,505,495,1000,0,0.506456,10,0.443845,0.48827,0.611821,0,3,1.10009,3,3
10000,7,505,495,1000,0,0.704726,10,0.476185,0.483355,0.531704,0,3,1.01506,3,3
10000,7,505,495,1000,0,0.589176,10,0.443614,0.522238,0.654997,3,1,1.17724,3,4
10000,7,505,495,1000,0,0.64553,10,0.450626,0.235244,0.286793,1,5,0.522037,2,6
10000,7,505,495,1000,0,0.677655,10,0.465839,0.417983,0.479286,0,4,0.897269,7,4
10000,7,505,495,1000,0,0.580406,10,0.465839,0.580999,0.66621,4,4,1.24721,1,8
10000,7,505,495,1000,0,0.724448,10,0.485833,0.599219,0.634164,4,3,1.23338,1,7
10000,7,505,495,1000,0,0.760789,10,0.464422,0.370559,0.427334,0,1,0.797894,6,1
10000,7,505,495,1000,0,0.580406,10,0.443845,0.467547,0.585854,2,2,1.0534,0,4
10000,7,505,495,1000,0,0.564379,10,0.44722,0.448065,0.553825,0,1,1.00189,4,1
10000,7,505,495,1000,0,0.580406,10,0.509869,0.617672,0.593762,0,4,1.21143,0,4
10000,7,505,495,1000,0,0.704726,10,0.487633,0.425771,0.447368,2,0,0.873138,5,2
10000,7,505,495,1000,0,0.580406,10,0.452334,0.548333,0.663897,3,2,1.21223,2,5
10000,7,505,495,1000,0,0.761819,10,0.465839,0.344844,0.39542,2,0,0.740264,4,2
10000,7,505,495,1000,0,0.619322,10,0.44853,0.257345,0.316407,1,2,0.573753,5,3
10000,7,505,495,1000,0,0.573147,10,0.476185,0.551938,0.607146,6,0,1.15908,1,6
10000,7,505,495,1000,0,0.634443,10,0.41458,0.2656,0.375048,1,1,0.640649,7,2
10000,7,505,495,1000,0,0.637447,10,0.395327,0.381588,0.58366,3,0,0.965248,4,3
10000,7,505,495,1000,0,0.704726,10,0.443614,0.420654,0.527589,2,2,0.948243,4,4
10000,7,505,495,1000,0,0.580406,10,0.487633,0.413116,0.434071,1,2,0.847187,4,3
10000,7,505,495,1000,0,0.760789,10,0.443614,0.3952,0.495665,2,1,0.890866,7,3
10000,7,505,495,1000,0,0.672226,10,0.44722,0.651561,0.805354,4,2,1.45692,0,6
10000,7,505,495,1000,0,0.677655,10,0.481863,0.568723,0.611535,4,2,1.18026,1,6
10000,7,505,495,1000,0,0.608106,10,0.408763,0.359736,0.520324,3,1,0.88006,6,4
10000,7,505,495,1000,0,0.704726,10,0.460155,0.318261,0.373378,1,1,0.691638,4,2
10000,7,505,495,1000,0,0.637447,10,0.427107,0.231864,0.311006,1,6,0.54287,2,7
10000,7,505,495,1000,0,0.677655,10,0.443845,0.386729,0.484586,2,3,0.871316,4,5
10000,7,505,495,1000,0,0.651165,10,0.465839,0.355799,0.407981,0,2,0.76378,3,2
10000,7,505,495,1000,0,0.672226,10,0.452334,0.355872,0.430874,2,1,0.786746,5,3
10000,7,505,495,1000,0,0.619322,10,0.506812,0.388337,0.377898,2,1,0.766235,4,3
10000,7,505,495,1000,0,0.637447,10,0.428042,0.264051,0.35283,1,3,0.616882,3,4
10000,7,505,495,1000,0,0.778609,10,0.44853,0.623422,0.766501,2,2,1.38992,0,4
10000,7,505,495,1000,0,0.620251,10,0.4279,0.60085,0.803333,4,4,1.40418,2,8
10000,7,505,495,1000,0,0.56534,10,0.44722,0.496545,0.613748,1,3,1.11029,2,4
10000,7,505,495,1000,0,0.580406,10,0.452334,0.457246,0.553613,1,0,1.01086,3,1
10000,7,505,495,1000,0,0.57116,10,0.465839,0.303912,0.348485,0,2,0.652397,4,2
10000,7,505,495,1000,0,0.550913,10,0.465839,0.313668,0.359671,1,2,0.673339,3,3
10000,7,505,495,1000,0,0.634443,10,0.452334,0.373449,0.452155,0,3,0.825603,7,3
10000,7,505,495,1000,0,0.713972,10,0.487633,0.343473,0.360895,0,1,0.704368,0,1
10000,7,505,495,1000,0,0.64553,10,0.41458,0.544664,0.769107,1,4,1.31377,0,5
10000,7,505,495,1000,0,0.580406,10,0.433958,0.221283,0.288635,0,2,0.509919,6,2
10000,7,505,495,1000,0,0.578568,10,0.608632,0.898043,0.577467,1,0,1.47551,5,1
10000,7,505,495,1000,0,0.724448,10,0.465839,0.390684,0.447983,0,2,0.838667,2,2
10000,7,505,495,1000,0,0.704726,10,0.504001,0.290715,0.2861,1,2,0.576816,5,3
10000,7,505,495,1000,0,0.633421,10,0.452334,0.43746,0.529657,1,2,0.967118,3,3
10000,7,505,495,1000,0,0.580406,10,0.465839,0.546226,0.626337,2,1,1.17256,3,3
10000,7,505,495,1000,0,0.672226,10,0.44722,0.539944,0.667391,2,3,1.20733,2,5
10000,7,505,495,1000,0,0.56534,10,0.495611,0.336773,0.342737,2,3,0.67951,8,5
10000,7,505,495,1000,0,0.744645,10,0.4279,0.314928,0.421057,0,3,0.735985,7,3
10000,7,505,495,1000,0,0.56534,10,0.422876,0.563975,0.769691,2,3,1.33367,0,5
10000,7,505,495,1000,0,0.677655,10,0.395327,0.490269,0.749892,0,2,1.24016,1,2
10000,7,505,495,1000,0,0.651165,10,0.483291,0.549605,0.587608,2,5,1.13721,1,7
10000,7,505,495,1000,0,0.550956,10,0.475492,0.600429,0.662325,5,1,1.26275,0,6
10000,7,505,495,1000,0,0.672226,10,0.483291,0.497327,0.531716,2,4,1.02904,1,6
10000,7,505,495,1000,0,0.573147,10,0.487633,0.697234,0.732601,4,3,1.42984,2,7
10000,7,505,495,1000,0,0.677655,10,0.465839,0.462327,0.530133,2,2,0.992459,2,4
10000,7,505,495,1000,0,0.669687,10,0.504037,0.638859,0.628627,3,1,1.26749,2,4
10000,7,505,495,1000,0,0.704726,10,0.47919,0.327277,0.355702,5,4,0.682979,8,9
10000,7,505,495,1000,0,0.57116,10,0.495611,0.419227,0.426652,0,4,0.845879,2,4
10000,7,505,495,1000,0,0.620251,10,0.428042,0.572916,0.76554,0,2,1.33846,2,2
10000,7,505,495,1000,0,0.704726,10,0.44722,0.346959,0.428855,0,1,0.775814,1,1
10000,7,505,495,1000,0,0.620251,10,0.475492,0.606553,0.669081,4,5,1.27563,1,9
10000,7,505,495,1000,0,0.634721,10,0.465839,0.58759,0.673767,3,6,1.26136,4,9
10000,7,505,495,1000,0,0.704529,10,0.44722,0.624793,0.772267,3,2,1.39706,1,5
10000,7,505,495,1000,0,0.672226,10,0.465839,0.565314,0.648224,4,3,1.21354,1,7
10000,7,505,495,1000,0,0.71809,10,0.44722,0.260112,0.321509,1,0,0.581621,4,1
10000,7,505,495,1000,0,0.672226,10,0.482412,0.536577,0.575702,5,5,1.11228,3,10
10000,7,505,495,1000,0,0.672226,10,0.44722,0.527785,0.652362,4,2,1.18015,2,6
10000,7,505,495,1000,0,0.677409,10,0.443845,0.312982,0.392178,1,4,0.70516,2,5
10000,7,505,495,1000,0,0.550956,10,0.44722,0.558375,0.690172,1,5,1.24855,0,6
10000,7,505,495,1000,0,0.56534,10,0.465839,0.530016,0.60775,1,4,1.13777,0,5
10000,7,505,495,1000,0,0.608106,10,0.487633,0.323609,0.340024,1,3,0.663633,7,4
10000,7,505,495,1000,0,0.764001,10,0.632437,0.441889,0.25682,2,2,0.698709,3,4
10000,7,505,495,1000,0,0.669687,10,0.44722,0.502039,0.620539,4,2,1.12258,2,6
10000,7,505,495,1000,0,0.586501,10,0.465839,0.680805,0.780654,4,2,1.46146,1,6
10000,7,505,495,1000,0,0.586501,10,0.443845,0.314931,0.394621,0,0,0.709552,3,0
10000,7,505,495,1000,0,0.601371,10,0.465839,0.482596,0.553374,5,5,1.03597,4,10
10000,7,505,495,1000,0,0.651165,10,0.476185,0.643683,0.708068,3,3,1.35175,1,6
10000,7,505,495,1000,0,0.580406,10,0.476185,0.547465,0.602226,1,0,1.14969,2,1
10000,7,505,495,1000,0,0.580406,10,0.446794,0.388444,0.480959,2,0,0.869403,5,2
10000,7,505,495,1000,0,0.557998,10,0.476185,0.616712,0.678399,4,3,1.29511,2,7
10000,7,505,495,1000,0,0.704726,10,0.483291,0.263943,0.282194,0,3,0.546136,6,3
10000,7,505,495,1000,0,0.669687,10,0.428042,0.388978,0.519759,1,4,0.908737,6,5
10000,7,505,495,1000,0,0.677655,10,0.44722,0.554445,0.685314,2,0,1.23976,3,2
10000,7,505,495,1000,0,0.580406,10,0.44722,0.618255,0.764186,5,2,1.38244,0,7
10000,7,505,495,1000,0,0.724448,10,0.487633,0.727366,0.764261,3,2,1.49163,4,5
10000,7,505,495,1000,0,0.619322,10,0.465839,0.303478,0.347987,1,1,0.651466,2,2
10000,7,505,495,1000,0,0.704726,10,0.395327,0.375185,0.573866,1,1,0.949051,7,2
10000,7,505,495,1000,0,0.608106,10,0.509869,0.467396,0.449303,2,3,0.9167,3,5
10000,7,505,495,1000,0,0.677655,10,0.465839,0.69643,0.798571,2,4,1.495,0,6
10000,7,505,495,1000,0,0.724448,10,0.465839,0.34505,0.395656,2,1,0.740707,6,3
10000,7,505,495,1000,0,0.651165,10,0.465839,0.641459,0.735537,3,6,1.377,0,9
10000,7,505,495,1000,0,0.580406,10,0.443614,0.597008,0.748775,4,6,1.34578,1,10
10000,7,505,495,1000,0,0.56534,10,0.465839,0.354552,0.406552,1,4,0.761104,4,5
10000,7,505,495,1000,0,0.660277,10,0.465839,0.322615,0.36993,1,3,0.692545,6,4
10000,7,505,495,1000,0,0.724448,10,0.44722,0.668956,0.826854,1,1,1.49581,0,2
10000,7,505,495,1000,0,0.760789,10,0.465839,0.265055,0.303929,0,2,0.568984,7,2
10000,7,505,495,1000,0,0.608106,10,0.487633,0.585755,0.615467,4,6,1.20122,1,10
10000,7,505,495,1000,0,0.608106,10,0.443845,0.317035,0.397256,0,3,0.714291,2,3
10000,7,505,495,1000,0,0.651165,10,0.44722,0.448425,0.554271,4,7,1.0027,1,11
10000,7,505,495,1000,0,0.660277,10,0.509869,0.486153,0.467334,0,1,0.953487,2,1
10000,7,505,495,1000,0,0.637447,10,0.509869,0.290364,0.279124,3,1,0.569487,7,4
10000,7,505,495,1000,0,0.651165,10,0.44722,0.437585,0.540871,2,0,0.978456,2,2
10000,7,505,495,1000,0,0.651165,10,0.465839,0.640732,0.734703,2,6,1.37544,0,8
10000,7,505,495,1000,0,0.634721,10,0.428042,0.478364,0.639199,1,1,1.11756,1,2
10000,7,505,495,1000,0,0.713972,10,0.46606,0.251351,0.287959,0,1,0.53931,4,1
10000,7,505,495,1000,0,0.677655,10,0.465839,0.240153,0.275375,1,3,0.515528,4,4
10000,7,505,495,1000,0,0.634721,10,0.543154,0.628713,0.52881,1,5,1.15752,1,6
10000,7,505,495,1000,0,0.619322,10,0.465839,0.233038,0.267216,0,1,0.500254,4,1
10000,7,505,495,1000,0,0.64155,10,0.434855,0.254068,0.330191,1,3,0.584259,3,4
10000,7,505,495,1000,0,0.57116,10,0.484772,0.64643,0.687043,1,8,1.33347,0,9
10000,7,505,495,1000,0,0.557998,10,0.465839,0.598652,0.686452,4,6,1.2851,1,10
10000,7,505,495,1000,0,0.724448,10,0.520275,0.534004,0.492384,2,6,1.02639,0,8
10000,7,505,495,1000,0,0.664007,10,0.483291,0.600886,0.642436,4,1,1.24332,1,5
