Time,Rep,PopSizeF,PopSizeM,PopSize,avg_tau,avg_p,avg_chi,avg_t,avg_gamma,avg_surviving_offspring_per_mother,avg_dead_offspring_per_mother,avg_Res
0,9,500,500,1000,0,0,10,0,0.985269,3.046,1.938,0.987325
1,9,508,492,1000,0.000645015,0.000274624,10,0.000390344,1.01051,3.12992,1.7815,1.00292
2,9,480,520,1000,0.000814095,0.000163732,10,0.000830603,1.0102,3.14792,1.85417,0.994702
3,9,505,495,1000,0.000614418,-0.000290138,10,0.000704368,1.02052,3.15446,1.97624,1.01149
4,9,512,488,1000,0.000834842,-0.000616221,10,0.000961744,0.996857,3.11133,1.83789,1.00288
5,9,498,502,1000,0.00112592,-0.000885871,10,0.00101012,0.999056,3.28916,1.84739,0.998667
6,9,477,523,1000,0.00104167,-0.000141348,10,0.000967282,1.01462,3.09434,1.90776,1.0111
7,9,490,510,1000,0.00160304,-0.000564809,10,0.00127953,0.997924,3.14898,2.00816,0.984979
8,9,529,471,1000,0.00155819,-0.0004696,10,0.00148506,0.991597,3.12098,1.90359,0.993145
9,9,505,495,1000,0.00164428,-5.28395e-05,10,0.00188287,0.995583,3.02376,1.98218,0.996051
10,9,481,519,1000,0.00114634,0.000285236,10,0.000947939,0.995808,3.03534,1.89397,0.983208
11,9,475,525,1000,0.00148206,0.000434541,10,0.00170562,0.981888,3.01263,2.10737,0.989058
12,9,503,497,1000,0.00200148,0.00110858,10,0.00267295,0.980595,3.09543,1.89861,0.980198
13,9,482,518,1000,0.00284347,0.00125271,10,0.00302269,1.02417,3.26141,1.80913,1.01805
14,9,482,518,1000,0.00232931,0.00129179,10,0.00226794,0.995361,3.02697,1.93154,1.00753
15,9,530,470,1000,0.00296845,0.00154914,10,0.00313636,0.977304,3.03774,2.0717,0.985526
16,9,491,509,1000,0.0034121,0.00121752,10,0.00254165,0.981251,3.13849,1.85947,0.984415
17,9,518,482,1000,0.00274925,0.00119442,10,0.00279715,1.00195,3.01544,2.00386,1.00653
18,9,504,496,1000,0.0026874,2.58813e-05,10,0.00236923,0.995368,3.00198,1.79762,0.986552
19,9,487,513,1000,0.00290637,-0.000786483,10,0.00308368,1.00761,3.10472,1.95072,1.01318
20,9,494,506,1000,0.00309554,-0.000619803,10,0.00348213,1.0161,2.92105,2.04453,1.01849
21,9,503,497,1000,0.00371234,-0.000304842,10,0.00362782,0.998754,3.19483,1.93439,1.00223
22,9,474,526,1000,0.00328947,-0.000837075,10,0.00387954,0.999353,3.06329,1.81646,0.990918
23,9,470,530,1000,0.00277689,0.00128127,10,0.00274852,0.993114,3.05532,1.90638,0.998336
24,9,486,514,1000,0.00398701,0.00198527,10,0.00379192,0.993313,3.0144,1.87449,1.00162
25,9,482,518,1000,0.00389012,0.00332726,10,0.00346153,0.992807,2.97925,1.91494,1.00011
26,9,517,483,1000,0.00446592,0.00264063,10,0.00460438,1.01001,2.98259,1.88781,1.00585
27,9,492,508,1000,0.00430713,0.00237259,10,0.00387946,1.00451,3.14024,1.9126,0.992089
28,9,523,477,1000,0.00516803,0.00334191,10,0.00523299,0.979603,2.95411,1.97897,0.987416
29,9,481,519,1000,0.00499794,0.00301311,10,0.00481941,1.01999,3.13721,1.89605,1.01732
30,9,507,493,1000,0.00535249,0.00328631,10,0.0060682,0.988796,3.02959,1.9428,1.00161
31,9,472,528,1000,0.00469304,0.00369013,10,0.00478689,0.976628,2.95339,1.91525,0.998528
32,9,494,506,1000,0.00516895,0.00341517,10,0.00499178,0.974653,3.01417,1.83603,0.997109
33,9,515,485,1000,0.00483004,0.0047536,10,0.0047095,0.994943,3.18641,1.83107,0.995402
34,9,488,512,1000,0.00413668,0.00448058,10,0.00469608,1.02076,3.12705,1.91598,1.0047
35,9,501,499,1000,0.00434952,0.00612117,10,0.00358055,0.979676,3.19561,1.97405,0.990928
36,9,471,529,1000,0.00438808,0.00684577,10,0.00461037,0.998321,3,1.95329,0.998938
37,9,484,516,1000,0.00437221,0.00478637,10,0.0049555,0.98626,3.20248,1.96281,0.993635
38,9,506,494,1000,0.00394468,0.00599955,10,0.00430979,0.965196,2.89526,1.93281,0.98561
39,9,499,501,1000,0.0037973,0.00677663,10,0.00414372,1.01577,2.98597,1.76353,1.0227
40,9,489,511,1000,0.00459727,0.00867299,10,0.00501929,0.994576,3.14519,1.85276,1.01359
41,9,511,489,1000,0.00444193,0.00893964,10,0.00514284,0.994792,2.98434,1.96086,1.00719
42,9,495,505,1000,0.00439386,0.00921454,10,0.00395497,0.982482,3.06263,1.90707,0.987786
43,9,523,477,1000,0.00387748,0.00825274,10,0.00457771,0.988094,3.01147,1.97706,0.98922
44,9,499,501,1000,0.00493775,0.00817005,10,0.005058,0.991675,2.99198,1.87776,1.00511
45,9,498,502,1000,0.00453469,0.00912333,10,0.00454205,0.983441,3.03012,1.88554,0.991461
46,9,506,494,1000,0.00394981,0.00831448,10,0.00374437,1.00819,3.083,1.98221,1.00034
47,9,491,509,1000,0.00435682,0.00826144,10,0.00425557,0.998299,3.06721,2.02851,0.999244
48,9,490,510,1000,0.00474978,0.00681189,10,0.00479031,0.987101,3.13469,1.87143,0.996872
49,9,494,506,1000,0.00520295,0.00811488,10,0.00521911,0.985132,2.96761,1.95547,1.0051
50,9,513,487,1000,0.00652018,0.0121081,10,0.00678821,1.0189,3.05263,1.94152,1.02168
51,9,514,486,1000,0.00655106,0.0131999,10,0.00665677,0.996125,3.17315,1.92802,0.996326
52,9,511,489,1000,0.0060607,0.0118981,10,0.00664181,0.981104,3.11546,1.97652,0.988802
53,9,486,514,1000,0.00591085,0.0101201,10,0.00583354,0.9939,3.12346,2.01029,0.999303
54,9,476,524,1000,0.0056881,0.00857529,10,0.00585361,1.00274,2.92437,2.0084,1.00347
55,9,526,474,1000,0.00616527,0.00890563,10,0.00586957,0.985658,3.07605,1.92776,0.998798
56,9,500,500,1000,0.00661137,0.012747,10,0.00674452,0.99268,3.094,1.858,1.00435
57,9,476,524,1000,0.00649427,0.0138091,10,0.00598495,1.00668,3.07563,1.80882,1.0069
58,9,523,477,1000,0.00606861,0.0146027,10,0.00621379,0.983281,2.97897,1.94455,0.998427
59,9,522,478,1000,0.00547261,0.0133337,10,0.00490347,1.01912,3.16092,1.85441,1.01158
60,9,485,515,1000,0.0058106,0.0161718,10,0.00593284,0.986854,2.93814,1.93814,0.999682
61,9,477,523,1000,0.00591052,0.0164502,10,0.00538521,0.97793,2.99161,1.91614,0.993591
62,9,497,503,1000,0.00693834,0.0147391,10,0.0071891,0.985001,3.08048,2.00201,1.00168
63,9,495,505,1000,0.00704618,0.0151123,10,0.00795979,0.991659,3.01414,1.92323,1.008
64,9,492,508,1000,0.00749978,0.0194319,10,0.00680198,0.982679,2.94512,1.82927,0.99914
65,9,535,465,1000,0.00670243,0.0212063,10,0.00556285,0.972517,3.08411,2.00374,0.988184
66,9,493,507,1000,0.00836461,0.0198628,10,0.00803191,0.990015,3.16633,1.9716,0.991915
67,9,504,496,1000,0.00747833,0.0179031,10,0.00730254,0.998029,3.19444,1.92262,1.0005
68,9,513,487,1000,0.00679213,0.0168964,10,0.00669323,0.975056,2.77973,2.04094,0.990666
69,9,458,542,1000,0.00682821,0.0172592,10,0.00779236,0.999416,3.0917,1.84716,1.00317
70,9,496,504,1000,0.00626603,0.0157854,10,0.00680234,1.01506,3.12298,1.97581,1.00187
71,9,515,485,1000,0.00584746,0.0188538,10,0.00555927,0.983375,3.00388,1.8699,0.994666
72,9,506,494,1000,0.00618289,0.017147,10,0.00601193,0.982997,2.99012,2.02569,0.990365
73,9,488,512,1000,0.00721947,0.0187665,10,0.00653243,0.98164,3.02459,1.94262,0.989924
74,9,547,453,1000,0.00684593,0.0222676,10,0.00679934,0.982275,3.16088,2.03291,0.993697
75,9,496,504,1000,0.00742471,0.0189174,10,0.00637941,0.965194,3.01008,1.89718,0.975364
76,9,471,529,1000,0.00731593,0.0182519,10,0.00761995,1.01402,3.13588,1.81741,1.00809
77,9,499,501,1000,0.00831748,0.0223418,10,0.00829093,1.01672,3.26453,1.9499,1.00442
78,9,495,505,1000,0.00785107,0.022766,10,0.00869041,1.01033,3.04444,2.04242,1.01378
79,9,522,478,1000,0.00787286,0.0201922,10,0.00808828,0.992683,3.31226,1.90805,0.996226
80,9,513,487,1000,0.00843664,0.0235528,10,0.0083684,1.00247,3.13645,1.88304,1.00038
81,9,494,506,1000,0.00783817,0.0213565,10,0.00819728,0.999857,3.27126,1.92308,1.00545
82,9,508,492,1000,0.00752046,0.0246304,10,0.00704491,0.995119,3.0689,1.92323,1.00463
83,9,492,508,1000,0.00671858,0.0252313,10,0.00615982,1.00419,3.05081,1.87398,1.00638
84,9,495,505,1000,0.00717875,0.0223087,10,0.00803529,0.979771,3.10707,1.92525,0.995607
85,9,523,477,1000,0.00693106,0.0254444,10,0.00812558,1.03119,3.06501,1.83939,1.02119
86,9,507,493,1000,0.00792812,0.0305047,10,0.00747143,0.977723,3.01183,1.92899,0.994156
87,9,486,514,1000,0.00734795,0.0320444,10,0.00657869,1.00997,3.21399,1.96296,1.00049
88,9,496,504,1000,0.00660629,0.0330709,10,0.00606125,0.988757,2.95968,1.93347,0.999958
89,9,497,503,1000,0.00654883,0.0346391,10,0.00657045,0.998405,2.9497,1.8833,0.995175
90,9,491,509,1000,0.00665902,0.0356852,10,0.0066728,0.977724,3.01833,1.88798,0.987479
91,9,516,484,1000,0.0078512,0.0391519,10,0.00716783,0.990284,3.17636,1.9031,0.99768
92,9,494,506,1000,0.0074018,0.0369599,10,0.00652234,0.979145,3.02227,2.02632,0.989758
93,9,481,519,1000,0.00706731,0.0369142,10,0.00749838,0.991932,3.00624,1.93555,0.99055
94,9,525,475,1000,0.00689373,0.0358509,10,0.00650987,0.987146,3.06667,1.98476,1.00307
95,9,525,475,1000,0.00740982,0.0347579,10,0.00791527,0.986343,2.90095,1.93524,0.979219
96,9,475,525,1000,0.00799346,0.0399546,10,0.00785315,0.966075,3.13263,1.97474,0.985244
97,9,499,501,1000,0.00868846,0.0412307,10,0.00857393,1.00998,3.14028,1.86573,1.01498
98,9,517,483,1000,0.00924491,0.046462,10,0.00890074,0.990747,3.147,2.00193,0.999082
99,9,509,491,1000,0.00957805,0.0458123,10,0.0101136,0.98305,3.19253,2.03733,0.993162
100,9,499,501,1000,0.00949846,0.0450868,10,0.0092197,1.01192,3.02806,1.95992,1.01043
101,9,482,518,1000,0.00956308,0.0437849,10,0.00986275,0.995278,2.99378,1.89627,1.00325
102,9,513,487,1000,0.0103053,0.0406259,10,0.0103635,0.993026,3.11111,1.97271,0.998608
103,9,528,472,1000,0.0111825,0.0425825,10,0.0111971,0.988015,2.99242,1.89205,1.00029
104,9,497,503,1000,0.0116128,0.0484326,10,0.0113754,0.975622,3.01207,1.8672,0.995675
105,9,515,485,1000,0.0110934,0.0537617,10,0.0112976,0.991894,3.08155,1.92816,1.00057
106,9,457,543,1000,0.0119144,0.0595849,10,0.0128668,1.00497,3.29759,1.94092,1.00205
107,9,498,502,1000,0.0136645,0.0643407,10,0.0155205,0.986863,2.95984,1.95783,1.00316
108,9,515,485,1000,0.0133913,0.0595539,10,0.0134035,0.990238,3.0699,1.89709,1.01057
109,9,481,519,1000,0.0146071,0.0608095,10,0.0142861,0.988548,3.02703,1.89813,1.00825
110,9,476,524,1000,0.0133188,0.0654036,10,0.0134623,1.01067,3.06723,2.0021,1.01507
111,9,503,497,1000,0.0151418,0.065479,10,0.0160848,0.969142,2.93042,1.94036,0.989405
112,9,509,491,1000,0.0166685,0.0644738,10,0.0176637,0.97961,3.00786,1.88802,1.0057
113,9,493,507,1000,0.018234,0.0659785,10,0.0176467,0.985296,2.96552,1.99797,1.0001
114,9,498,502,1000,0.0213456,0.076162,10,0.020189,0.99422,3.0502,1.95382,1.00306
115,9,504,496,1000,0.0223219,0.0726551,10,0.0195847,0.964462,3.03571,2.00794,0.984534
116,9,495,505,1000,0.0232557,0.0764312,10,0.0232283,0.964415,3.10303,1.94141,0.984499
117,9,519,481,1000,0.0232446,0.0714702,10,0.0231451,0.966365,3.01734,1.98266,1.00069
118,9,491,509,1000,0.0265601,0.0794057,10,0.0280158,0.988043,3.01833,2.02444,1.0089
119,9,500,500,1000,0.0287255,0.0852028,10,0.0276428,0.947874,3.116,1.91,0.980902
120,9,485,515,1000,0.0298539,0.085878,10,0.0317228,0.971438,3.06598,1.88454,1.01261
121,9,505,495,1000,0.0308204,0.0854452,10,0.0323525,0.968822,3.09901,1.84356,1.01091
122,9,499,501,1000,0.0320621,0.0882934,10,0.0332072,0.972587,2.97996,2.01202,1.01162
123,9,502,498,1000,0.0340385,0.0892852,10,0.0349792,0.969024,3.0239,2.08566,1.00473
124,9,485,515,1000,0.0367776,0.0910025,10,0.0363737,0.971669,3.10515,1.99175,1.00073
125,9,496,504,1000,0.0393711,0.0888985,10,0.0382191,0.976199,3.03226,1.94153,1.00094
126,9,481,519,1000,0.0402189,0.094113,10,0.0399855,0.952078,3.12266,1.98129,0.991206
127,9,508,492,1000,0.0411829,0.0914797,10,0.0395935,0.971771,3.16339,1.97638,1.01129
128,9,499,501,1000,0.0420417,0.0935485,10,0.0423158,0.972224,3.09619,1.97395,1.00332
129,9,530,470,1000,0.0435408,0.0864573,10,0.0435105,0.979211,2.96226,1.95849,1.00145
130,9,546,454,1000,0.0445347,0.0851563,10,0.0461539,0.978479,2.94872,2.04396,1.01878
131,9,506,494,1000,0.0463183,0.0832437,10,0.0458986,0.933427,3.02569,2.00988,0.996195
132,9,502,498,1000,0.0496175,0.0795005,10,0.0511062,0.969577,3.05777,1.93028,1.00249
133,9,475,525,1000,0.0523756,0.0820187,10,0.0550146,0.952613,2.94105,2.08211,0.996963
134,9,497,503,1000,0.0547773,0.0859218,10,0.0582916,0.965927,3.03823,2.01408,1.0172
135,9,493,507,1000,0.0552851,0.0860459,10,0.05348,0.930652,2.98174,2.00811,0.997445
136,9,479,521,1000,0.0573445,0.0896803,10,0.0596399,0.961296,3.05637,2.0334,1.00998
137,9,501,499,1000,0.058415,0.0980879,10,0.0585165,0.945603,3.05788,2.02395,1.00733
138,9,497,503,1000,0.059783,0.105578,10,0.059208,0.937811,3.09256,1.98793,0.99721
139,9,497,503,1000,0.0619928,0.106464,10,0.0614901,0.923269,2.95775,1.96781,0.991375
140,9,488,512,1000,0.0646623,0.111649,10,0.0620401,0.910951,2.93443,2.10656,1.00135
141,9,521,479,1000,0.0655305,0.114237,10,0.066969,0.932129,3.08637,2.01919,1.00195
142,9,510,490,1000,0.0706923,0.119499,10,0.0701301,0.927689,3.05882,2.06275,1.00817
143,9,521,479,1000,0.0699943,0.120626,10,0.0676572,0.926416,2.98656,1.99232,0.987608
144,9,478,522,1000,0.0705882,0.122579,10,0.0718754,0.92439,2.99791,2.03975,0.99416
145,9,508,492,1000,0.0744145,0.12609,10,0.0741454,0.94835,2.93701,1.97244,1.00791
146,9,501,499,1000,0.0753392,0.127308,10,0.0749931,0.910355,3.08782,2.0519,0.997009
147,9,503,497,1000,0.0728664,0.134728,10,0.0715812,0.9153,2.96024,2.03976,0.995999
148,9,482,518,1000,0.071949,0.135657,10,0.070935,0.910022,2.87552,1.99378,0.986502
149,9,519,481,1000,0.0750702,0.138283,10,0.0755607,0.937004,3.07707,1.90559,0.997167
150,9,471,529,1000,0.0767914,0.140393,10,0.0764839,0.90948,2.92994,1.96178,0.980299
151,9,484,516,1000,0.0771938,0.141029,10,0.0750638,0.92251,2.89463,1.96074,1.00573
152,9,481,519,1000,0.0800546,0.14909,10,0.0803743,0.928813,3.02703,2.11227,1.00858
153,9,479,521,1000,0.0820558,0.153334,10,0.085179,0.932673,2.99791,1.93946,1.01072
154,9,513,487,1000,0.0851749,0.158992,10,0.0844347,0.906733,2.98441,2.0078,0.998615
155,9,506,494,1000,0.0883422,0.159047,10,0.0872211,0.907383,2.86561,2.09684,0.991962
156,9,481,519,1000,0.0924959,0.155749,10,0.0931163,0.930005,2.99376,1.89813,1.00658
157,9,510,490,1000,0.0932431,0.155193,10,0.0946304,0.921967,2.99804,2.03725,1.01263
158,9,478,522,1000,0.093032,0.154976,10,0.0925977,0.903198,3.06904,2.10042,0.996944
159,9,512,488,1000,0.0949195,0.160394,10,0.0981579,0.918503,2.88086,2.21094,1.0095
160,9,482,518,1000,0.098851,0.159731,10,0.0970503,0.879413,2.98133,2,0.993002
161,9,516,484,1000,0.100625,0.163571,10,0.102069,0.908298,2.94186,1.9593,0.998459
162,9,489,511,1000,0.102727,0.163183,10,0.101743,0.88861,2.96933,2.05726,0.988785
163,9,496,504,1000,0.103565,0.165402,10,0.104071,0.919729,2.97581,1.91331,1.0186
164,9,494,506,1000,0.106572,0.167009,10,0.108826,0.902102,3.01822,1.93522,0.996838
165,9,478,522,1000,0.109369,0.168345,10,0.1087,0.878331,3.03975,2.01674,0.996123
166,9,520,480,1000,0.109944,0.169732,10,0.112058,0.902871,2.97308,1.94808,0.995198
167,9,500,500,1000,0.114388,0.172724,10,0.11617,0.882002,3.056,2.126,0.999892
168,9,519,481,1000,0.115923,0.173852,10,0.115603,0.885585,2.93256,2.01734,1.00397
169,9,499,501,1000,0.11888,0.174331,10,0.121221,0.901723,2.96393,2.02204,1.01729
170,9,479,521,1000,0.121824,0.174242,10,0.122771,0.882867,3.00418,2.01879,0.987383
171,9,508,492,1000,0.12284,0.177371,10,0.125585,0.89455,2.89173,2.09252,1.01238
172,9,485,515,1000,0.124296,0.174593,10,0.126208,0.89367,3.07423,2.00619,1.00788
173,9,498,502,1000,0.126505,0.173423,10,0.122837,0.861505,2.93574,2.13052,0.991139
174,9,511,489,1000,0.127365,0.174942,10,0.129509,0.888268,2.85323,2.00587,1.00773
175,9,507,493,1000,0.127043,0.174928,10,0.128537,0.877435,2.8146,2.14398,0.99812
176,9,512,488,1000,0.127866,0.176452,10,0.125964,0.864907,2.94336,2.00195,1.00742
177,9,496,504,1000,0.129472,0.177765,10,0.130445,0.88205,2.82863,2.22984,1.00954
178,9,495,505,1000,0.131085,0.17895,10,0.128914,0.852923,2.80404,2.15354,0.98611
179,9,532,468,1000,0.132522,0.179844,10,0.132097,0.866483,2.9718,2.10338,0.996063
180,9,515,485,1000,0.133552,0.183707,10,0.133318,0.858785,2.76505,2.12621,0.993788
181,9,520,480,1000,0.133329,0.18559,10,0.134807,0.872044,2.95962,1.96923,1.00822
182,9,509,491,1000,0.134491,0.187121,10,0.132723,0.852325,2.93713,2.14145,0.988423
183,9,516,484,1000,0.135168,0.18592,10,0.139398,0.88457,2.98256,1.87403,1.01468
184,9,490,510,1000,0.136033,0.187204,10,0.137874,0.876239,2.93061,2.06327,1.00838
185,9,519,481,1000,0.136646,0.190142,10,0.136588,0.85814,2.88247,2.05202,1.00974
186,9,497,503,1000,0.138133,0.188145,10,0.136213,0.84758,2.97586,1.97787,1.00249
187,9,488,512,1000,0.137834,0.188483,10,0.135007,0.844474,2.79098,2.17623,0.99241
188,9,523,477,1000,0.137629,0.188944,10,0.136246,0.850283,2.86807,2.10707,0.99898
189,9,473,527,1000,0.137253,0.190566,10,0.137384,0.867778,2.81395,2.01268,0.993845
190,9,523,477,1000,0.138032,0.188891,10,0.13759,0.851846,2.95793,2.15296,0.990517
191,9,520,480,1000,0.1368,0.189061,10,0.134775,0.857806,2.87115,2.10385,0.999567
192,9,510,490,1000,0.137074,0.192283,10,0.135052,0.849296,2.90196,2.17451,0.986017
193,9,514,486,1000,0.137444,0.192798,10,0.137574,0.857181,2.98249,2.14786,0.996897
194,9,530,470,1000,0.139472,0.192897,10,0.143577,0.88205,2.98113,1.99623,1.00854
195,9,487,513,1000,0.140042,0.193533,10,0.143003,0.879819,2.92402,2.02875,1.0087
196,9,512,488,1000,0.139701,0.197028,10,0.137903,0.846595,2.9707,2.06836,0.996561
197,9,494,506,1000,0.141244,0.1975,10,0.139764,0.856818,2.91093,2.07692,0.985494
198,9,514,486,1000,0.143202,0.196677,10,0.143423,0.85449,2.70817,2.02529,0.998465
199,9,500,500,1000,0.143455,0.19689,10,0.143756,0.856318,3.03,2.09,1.00258
200,9,496,504,1000,0.145115,0.19813,10,0.144233,0.851762,2.79032,2.13911,0.99428
201,9,504,496,1000,0.148225,0.199269,10,0.150998,0.863857,2.94841,2.10516,0.997301
202,9,509,491,1000,0.147885,0.198888,10,0.148284,0.852157,3.01375,2.11198,1.00466
203,9,472,528,1000,0.147162,0.197624,10,0.150672,0.876913,2.98305,1.92797,1.0182
204,9,475,525,1000,0.147817,0.197068,10,0.148957,0.853619,2.92211,2.11789,1.0022
205,9,480,520,1000,0.148135,0.198031,10,0.148845,0.856749,2.75833,2,1.00943
206,9,506,494,1000,0.146326,0.198388,10,0.147994,0.864826,3.02767,2.08893,1.00611
207,9,499,501,1000,0.147067,0.198863,10,0.145027,0.840438,2.89579,2.09018,0.994154
208,9,503,497,1000,0.146276,0.200701,10,0.146206,0.855427,3,2.00994,0.999525
209,9,509,491,1000,0.146149,0.201773,10,0.14254,0.837432,2.92534,2.0609,0.992787
210,9,480,520,1000,0.145054,0.201288,10,0.143417,0.849978,2.98333,2.025,0.998022
211,9,490,510,1000,0.145864,0.204898,10,0.143697,0.849016,3.02449,2.05306,0.987097
212,9,492,508,1000,0.146719,0.205271,10,0.147308,0.855935,3.02236,2.02439,0.995063
213,9,494,506,1000,0.147322,0.20729,10,0.147779,0.856217,2.88664,2.02834,1.00961
214,9,508,492,1000,0.147407,0.209575,10,0.1472,0.857635,3.10236,2.15748,1.00858
215,9,508,492,1000,0.147911,0.208189,10,0.147102,0.844387,2.95079,2.12008,0.987114
216,9,491,509,1000,0.14832,0.207707,10,0.149907,0.861294,2.90224,2.00611,1.00752
217,9,501,499,1000,0.148367,0.206813,10,0.148887,0.853738,2.96407,2.05589,0.997784
218,9,493,507,1000,0.149314,0.211912,10,0.145261,0.824875,2.85193,2.13996,0.977881
219,9,491,509,1000,0.150117,0.211549,10,0.153375,0.860469,2.92057,1.93686,1.00772
220,9,517,483,1000,0.150627,0.212229,10,0.152284,0.855413,2.94971,2.08124,1.0081
221,9,488,512,1000,0.150695,0.213734,10,0.150027,0.847253,2.80328,2.22541,0.997285
222,9,498,502,1000,0.152037,0.212947,10,0.151338,0.848945,2.87751,2.22289,0.999496
223,9,492,508,1000,0.151277,0.211356,10,0.148066,0.836504,2.80691,2.04675,0.993217
224,9,500,500,1000,0.152179,0.212647,10,0.151289,0.842214,2.78,2.03,0.99698
225,9,508,492,1000,0.156305,0.213669,10,0.159897,0.86584,2.87795,1.96063,1.01764
226,9,466,534,1000,0.157619,0.214421,10,0.160805,0.860179,2.97425,2.13305,1.00671
227,9,481,519,1000,0.15753,0.217855,10,0.163233,0.865747,2.94802,2.04158,1.01742
228,9,525,475,1000,0.159597,0.220037,10,0.159871,0.843482,2.92571,2.15238,0.98409
229,9,468,532,1000,0.160167,0.220862,10,0.160594,0.843527,2.99359,2.09829,0.997714
230,9,496,504,1000,0.161967,0.220851,10,0.161908,0.835107,2.73992,2.10484,1.00025
231,9,492,508,1000,0.16308,0.222533,10,0.166246,0.853947,2.90041,1.96748,1.00849
232,9,496,504,1000,0.1639,0.225928,10,0.161446,0.81969,2.91734,2.12702,0.980675
233,9,501,499,1000,0.162812,0.228242,10,0.164581,0.848482,2.99601,1.99202,1.00355
234,9,479,521,1000,0.164125,0.228221,10,0.160739,0.820499,2.82255,2.06054,0.987799
235,9,476,524,1000,0.164586,0.229946,10,0.16623,0.841992,2.94958,2.04832,1.00081
236,9,494,506,1000,0.165037,0.227886,10,0.166513,0.836561,2.90486,2.13968,0.996394
237,9,488,512,1000,0.166684,0.229095,10,0.168377,0.835223,2.91598,2.08402,1.00538
238,9,530,470,1000,0.166731,0.229213,10,0.171477,0.847891,2.87358,2.16038,1.01889
239,9,494,506,1000,0.166934,0.232293,10,0.165169,0.827114,2.83806,2.25709,1.00094
240,9,515,485,1000,0.168713,0.23346,10,0.17044,0.83411,2.76699,2.13592,1.00546
241,9,495,505,1000,0.170631,0.231946,10,0.169784,0.823408,2.88283,2.12323,1.00438
242,9,487,513,1000,0.173331,0.238123,10,0.171261,0.817599,3.01848,2.17659,0.991039
243,9,508,492,1000,0.175509,0.240724,10,0.177932,0.841759,2.95669,2.10433,1.01857
244,9,482,518,1000,0.175373,0.24336,10,0.178172,0.835247,2.84855,2.07261,1.00013
245,9,486,514,1000,0.175641,0.244156,10,0.178527,0.831713,3.00412,2.03704,1.00212
246,9,492,508,1000,0.17548,0.243115,10,0.17682,0.82451,2.89634,2.09756,1.0069
247,9,509,491,1000,0.176773,0.246189,10,0.171851,0.80672,2.81729,2.2279,0.993826
248,9,522,478,1000,0.177998,0.247223,10,0.175004,0.812418,2.84674,2.18199,0.997649
249,9,490,510,1000,0.180716,0.247664,10,0.180062,0.820693,2.87755,2.12449,0.990279
250,9,505,495,1000,0.182639,0.249499,10,0.184705,0.827702,2.88911,2.05149,1.00051
251,9,505,495,1000,0.18525,0.249506,10,0.183578,0.802674,2.76634,2.16832,0.995924
252,9,483,517,1000,0.189772,0.247743,10,0.193762,0.824361,2.88406,2.20497,1.00054
253,9,504,496,1000,0.1931,0.250506,10,0.191738,0.792816,2.82738,2.19643,0.990443
254,9,463,537,1000,0.194769,0.252171,10,0.193068,0.803731,2.79698,2.24622,1.00428
255,9,518,482,1000,0.197114,0.255227,10,0.196275,0.80033,2.70463,2.25676,1.00364
256,9,496,504,1000,0.200817,0.260573,10,0.19895,0.799538,2.83669,2.11089,1.01323
257,9,515,485,1000,0.200999,0.263609,10,0.203102,0.807807,2.8233,2.25243,1.00439
258,9,514,486,1000,0.202353,0.259518,10,0.2042,0.80348,2.7607,2.11479,1.00393
259,9,519,481,1000,0.204167,0.265638,10,0.206459,0.805763,2.9422,2.14258,1.01573
260,9,507,493,1000,0.206151,0.269845,10,0.211784,0.816357,2.89744,2.05917,1.01075
261,9,492,508,1000,0.208372,0.269854,10,0.208684,0.791109,2.79675,2.16057,1.01165
262,9,496,504,1000,0.210888,0.271205,10,0.206176,0.773455,2.9496,2.30444,0.997768
263,9,516,484,1000,0.211714,0.271392,10,0.211702,0.792401,2.76163,2.19574,1.0062
264,9,502,498,1000,0.212279,0.2756,10,0.207941,0.775332,2.73307,2.33665,0.992569
265,9,485,515,1000,0.212671,0.275519,10,0.210488,0.777459,2.78144,2.18763,0.991894
266,9,489,511,1000,0.214017,0.278201,10,0.216264,0.793645,2.99796,2.21677,0.992994
267,9,487,513,1000,0.21491,0.278478,10,0.217132,0.799304,2.89733,2.15195,1.01539
268,9,537,463,1000,0.216348,0.279018,10,0.213482,0.774623,2.88268,2.1527,0.995667
269,9,519,481,1000,0.21535,0.279396,10,0.217444,0.790877,2.75337,2.14066,1.009
270,9,503,497,1000,0.219202,0.280545,10,0.218063,0.776546,2.78131,2.05368,0.987144
271,9,505,495,1000,0.220057,0.284064,10,0.216592,0.769868,2.86139,2.24158,0.98203
272,9,524,476,1000,0.222552,0.285895,10,0.220883,0.767019,2.83969,2.21374,0.991369
273,9,478,522,1000,0.223091,0.288001,10,0.223243,0.77465,2.83054,2.16946,1.0001
274,9,510,490,1000,0.225156,0.289688,10,0.225788,0.781794,2.68824,2.20588,0.994223
275,9,499,501,1000,0.225886,0.293072,10,0.224686,0.773155,2.75752,2.16834,1.00773
276,9,510,490,1000,0.228382,0.299163,10,0.225806,0.763826,2.73725,2.19216,0.98113
277,9,482,518,1000,0.231529,0.301659,10,0.227068,0.75469,2.77801,2.28423,0.992196
278,9,483,517,1000,0.231445,0.303364,10,0.227888,0.7586,2.71843,2.26294,0.983137
279,9,480,520,1000,0.231576,0.30411,10,0.233388,0.778922,2.88958,2.15833,1.0109
280,9,486,514,1000,0.233178,0.30326,10,0.235904,0.768963,2.78395,2.33128,0.997272
281,9,515,485,1000,0.234471,0.304934,10,0.237904,0.778248,2.99029,2.06796,1.00859
282,9,516,484,1000,0.236184,0.308261,10,0.239065,0.768688,2.81589,2.12403,1.01423
283,9,498,502,1000,0.238916,0.311291,10,0.237461,0.759612,2.87349,2.18675,0.998048
284,9,502,498,1000,0.239207,0.312056,10,0.240297,0.757829,2.84861,2.16534,1.00481
285,9,526,474,1000,0.241104,0.312713,10,0.240863,0.766425,2.77567,2.07605,1.00154
286,9,513,487,1000,0.242748,0.312258,10,0.239538,0.749695,2.77973,2.23977,0.989827
287,9,483,517,1000,0.243399,0.311808,10,0.241451,0.748843,2.78882,2.28778,0.998306
288,9,481,519,1000,0.24527,0.312615,10,0.244462,0.749279,2.83576,2.23701,1.01222
289,9,497,503,1000,0.243647,0.317489,10,0.243648,0.751098,2.68813,2.38431,0.99687
290,9,544,456,1000,0.242336,0.318188,10,0.241143,0.756858,2.69669,2.2114,1.00358
291,9,488,512,1000,0.244578,0.317919,10,0.236194,0.736478,2.81967,2.20902,0.985362
292,9,512,488,1000,0.243808,0.318894,10,0.241276,0.748448,2.75781,2.20508,0.992123
293,9,506,494,1000,0.243582,0.320479,10,0.244805,0.761257,2.81423,2.10672,1.00796
294,9,514,486,1000,0.243769,0.320763,10,0.240664,0.748932,2.78988,2.17899,0.995311
295,9,540,460,1000,0.243873,0.321136,10,0.242884,0.753245,2.71852,2.27222,0.999298
296,9,478,522,1000,0.242876,0.322272,10,0.244623,0.754174,2.76778,2.3431,1.00181
297,9,476,524,1000,0.242075,0.325041,10,0.236033,0.741976,2.79202,2.17437,0.979043
298,9,514,486,1000,0.242515,0.326829,10,0.240362,0.752322,2.62062,2.25681,0.99372
299,9,502,498,1000,0.242588,0.328745,10,0.244596,0.7657,2.76096,2.2012,1.00009
300,9,508,492,1000,0.246043,0.328606,10,0.249231,0.755973,2.77165,2.27559,1.00999
301,9,489,511,1000,0.247342,0.333456,10,0.251443,0.76212,2.82618,1.9407,1.00316
302,9,509,491,1000,0.246476,0.330013,10,0.252353,0.768581,2.85658,2.10413,1.00322
303,9,489,511,1000,0.246257,0.331272,10,0.249329,0.759018,2.79346,2.16155,1.01659
304,9,525,475,1000,0.246418,0.331005,10,0.247936,0.753171,2.88762,2.22286,0.993474
305,9,524,476,1000,0.245378,0.33142,10,0.252,0.77019,2.70992,2.31107,1.00833
306,9,500,500,1000,0.246,0.334423,10,0.249903,0.769526,2.844,2.126,1.00163
307,9,508,492,1000,0.247598,0.332404,10,0.246624,0.744537,2.77953,2.0374,1.00644
308,9,508,492,1000,0.248583,0.334558,10,0.251128,0.753711,2.87795,2.12205,1.00223
309,9,493,507,1000,0.250535,0.332883,10,0.247897,0.740272,2.6146,2.26166,0.999607
310,9,486,514,1000,0.251691,0.332327,10,0.248162,0.737735,2.56584,2.15844,0.982055
311,9,499,501,1000,0.252957,0.336938,10,0.253264,0.750633,2.70341,2.13026,0.994748
312,9,508,492,1000,0.253826,0.337035,10,0.256782,0.75316,2.78543,2.2185,1.00762
313,9,522,478,1000,0.255075,0.335518,10,0.253847,0.741476,2.65517,2.23372,1.00173
314,9,518,482,1000,0.255075,0.334456,10,0.257044,0.752462,2.80309,2.2471,1.01348
315,9,500,500,1000,0.254678,0.337068,10,0.253184,0.738301,2.756,2.216,0.99345
316,9,508,492,1000,0.255658,0.33939,10,0.25749,0.74546,2.82677,2.12008,0.997345
317,9,489,511,1000,0.257098,0.342439,10,0.25836,0.744857,2.64826,2.27607,0.987407
318,9,490,510,1000,0.257211,0.341747,10,0.250554,0.729695,2.75918,2.26531,0.988873
319,9,520,480,1000,0.258283,0.344489,10,0.260888,0.750955,2.81538,2.24038,0.999483
320,9,498,502,1000,0.260806,0.342642,10,0.263211,0.743618,2.7992,2.18072,1.00433
321,9,475,525,1000,0.262124,0.348875,10,0.263547,0.74519,2.84842,2.25474,1.0005
322,9,466,534,1000,0.262214,0.351526,10,0.264803,0.740794,2.72747,2.14807,0.989954
323,9,512,488,1000,0.263428,0.351301,10,0.263046,0.73604,2.79492,2.21289,0.994292
324,9,496,504,1000,0.264911,0.350981,10,0.25853,0.716345,2.77823,2.16734,0.995051
325,9,499,501,1000,0.265506,0.354064,10,0.264284,0.731942,2.79559,2.21844,1.00162
326,9,541,459,1000,0.264308,0.356275,10,0.262533,0.727157,2.75601,2.28281,1.00348
327,9,478,522,1000,0.265236,0.355391,10,0.266817,0.732599,2.58996,2.29079,1.00629
328,9,502,498,1000,0.267252,0.352576,10,0.26646,0.737222,2.6494,2.21315,1.00222
329,9,509,491,1000,0.266939,0.353999,10,0.269958,0.742757,2.7446,2.22397,1.00213
330,9,517,483,1000,0.267893,0.357863,10,0.266881,0.725577,2.73694,2.33849,1.00229
331,9,497,503,1000,0.271199,0.36485,10,0.272762,0.737273,2.74447,2.27565,1.00396
332,9,512,488,1000,0.27492,0.369349,10,0.271099,0.71208,2.89258,2.24805,1.00114
333,9,492,508,1000,0.275072,0.368232,10,0.272233,0.717814,2.63821,2.31911,0.993512
334,9,506,494,1000,0.277054,0.372183,10,0.278195,0.725219,2.77668,2.21344,0.998427
335,9,526,474,1000,0.27677,0.376171,10,0.269946,0.709208,2.88023,2.3308,1.00125
336,9,516,484,1000,0.276748,0.379683,10,0.274656,0.717646,2.76938,2.12209,0.997799
337,9,483,517,1000,0.277078,0.382875,10,0.277226,0.719897,2.6853,2.16149,0.989894
338,9,482,518,1000,0.27969,0.383434,10,0.278521,0.719148,2.75104,2.14315,0.991555
339,9,491,509,1000,0.282513,0.385529,10,0.285073,0.72869,2.91446,2.21385,1.0093
340,9,485,515,1000,0.282005,0.387886,10,0.278485,0.711065,2.83093,2.20825,0.98219
341,9,494,506,1000,0.28637,0.386263,10,0.2848,0.713377,2.6498,2.31579,0.99285
342,9,499,501,1000,0.286166,0.389551,10,0.290005,0.721458,2.7495,2.19439,1.00346
343,9,508,492,1000,0.284988,0.399725,10,0.290195,0.733629,2.68701,2.12992,1.01138
344,9,505,495,1000,0.28763,0.402637,10,0.289819,0.722686,2.76634,2.30099,1.00372
345,9,499,501,1000,0.289558,0.404515,10,0.284974,0.698923,2.76553,2.23647,1.00325
346,9,502,498,1000,0.292455,0.405885,10,0.296488,0.713948,2.76096,2.19522,1.00113
347,9,467,533,1000,0.294138,0.409339,10,0.29355,0.702995,2.82013,2.17131,0.994255
348,9,514,486,1000,0.295099,0.408701,10,0.300924,0.721427,2.72374,2.13813,1.01106
349,9,520,480,1000,0.295074,0.411431,10,0.299028,0.714348,2.75,2.20192,1.00582
350,9,510,490,1000,0.297523,0.410515,10,0.295194,0.701668,2.83922,2.23725,1.01017
351,9,484,516,1000,0.296099,0.413128,10,0.297212,0.709402,2.97521,2.31405,1.01023
352,9,506,494,1000,0.296788,0.41337,10,0.296687,0.701032,2.76087,2.21739,1.00512
353,9,509,491,1000,0.299975,0.415077,10,0.304179,0.709461,2.7053,2.21022,1.01485
354,9,508,492,1000,0.301184,0.41703,10,0.299405,0.692708,2.7874,2.25984,1.00374
355,9,502,498,1000,0.304207,0.418203,10,0.308467,0.70739,2.89442,2.2251,1.00772
356,9,483,517,1000,0.305354,0.42237,10,0.303047,0.688332,2.70186,2.19255,1.00451
357,9,513,487,1000,0.307472,0.424706,10,0.30328,0.687069,2.87135,2.154,0.995948
358,9,490,510,1000,0.307307,0.428536,10,0.308456,0.693664,2.78571,2.33265,1.00759
359,9,495,505,1000,0.307214,0.428003,10,0.301779,0.681197,2.70909,2.23232,0.991459
360,9,498,502,1000,0.309727,0.427876,10,0.3108,0.693369,2.8012,2.19076,1.00099
361,9,487,513,1000,0.311651,0.427147,10,0.313736,0.69102,2.68172,2.30595,1.0028
362,9,502,498,1000,0.311263,0.431341,10,0.30985,0.690298,2.74701,2.22908,1.00747
363,9,498,502,1000,0.311616,0.431561,10,0.314653,0.700107,2.93976,2.20482,1.00334
364,9,498,502,1000,0.312714,0.432951,10,0.314552,0.688658,2.73695,2.37149,0.999347
365,9,501,499,1000,0.314377,0.431399,10,0.313339,0.68438,2.80639,2.28942,1.00308
366,9,504,496,1000,0.316951,0.433102,10,0.319462,0.686806,2.56151,2.21825,0.990258
367,9,517,483,1000,0.318907,0.434027,10,0.31934,0.683681,2.82592,2.23404,1.00906
368,9,505,495,1000,0.319403,0.435894,10,0.322579,0.68583,2.8198,2.29109,1.01599
369,9,519,481,1000,0.31984,0.440786,10,0.325606,0.692709,2.80154,2.16763,1.00946
370,9,484,516,1000,0.320415,0.44431,10,0.318857,0.673085,2.74174,2.21694,0.988229
371,9,503,497,1000,0.322605,0.446755,10,0.32382,0.682962,2.58449,2.29423,0.997611
372,9,483,517,1000,0.325613,0.448308,10,0.331449,0.68471,2.7619,2.19255,1.0114
373,9,485,515,1000,0.327249,0.453201,10,0.329964,0.672948,2.74433,2.27423,0.999028
374,9,500,500,1000,0.327909,0.451251,10,0.330153,0.678876,2.736,2.156,1.00509
375,9,514,486,1000,0.329962,0.452119,10,0.329989,0.664981,2.73346,2.25292,1.00096
376,9,498,502,1000,0.331974,0.45618,10,0.330832,0.664391,2.68072,2.30522,1.00047
377,9,483,517,1000,0.335006,0.458661,10,0.328454,0.649758,2.61077,2.32298,1.00324
378,9,512,488,1000,0.337751,0.46036,10,0.339674,0.668232,2.77148,2.30078,1.00209
379,9,520,480,1000,0.338729,0.460422,10,0.340179,0.660354,2.74231,2.14808,1.00266
380,9,521,479,1000,0.33983,0.459246,10,0.329989,0.649212,2.73896,2.19578,0.987421
381,9,503,497,1000,0.339356,0.462927,10,0.335349,0.654942,2.6163,2.39761,1.00018
382,9,511,489,1000,0.33962,0.460542,10,0.33856,0.65593,2.69276,2.26419,0.99904
383,9,497,503,1000,0.339577,0.462272,10,0.342036,0.667439,2.72837,2.28571,1.00481
384,9,499,501,1000,0.33996,0.465314,10,0.339954,0.665822,2.63928,2.35671,0.991092
385,9,506,494,1000,0.340709,0.466881,10,0.341915,0.662856,2.63439,2.20553,0.996038
386,9,503,497,1000,0.341951,0.468546,10,0.344245,0.661781,2.68986,2.40954,1.0081
387,9,504,496,1000,0.342118,0.472465,10,0.336953,0.646515,2.60516,2.375,0.997059
388,9,489,511,1000,0.342712,0.473465,10,0.347093,0.665264,2.6728,2.40491,1.0147
389,9,506,494,1000,0.343408,0.474654,10,0.345409,0.661752,2.64822,2.23123,1.00062
390,9,502,498,1000,0.3444,0.479007,10,0.345424,0.653668,2.64542,2.32869,0.996106
391,9,505,495,1000,0.346763,0.481339,10,0.344633,0.647073,2.65941,2.31287,1.00333
392,9,472,528,1000,0.348069,0.482264,10,0.349451,0.653726,2.73729,2.3178,0.995029
393,9,486,514,1000,0.349313,0.483043,10,0.345012,0.641208,2.61934,2.39918,0.995081
394,9,498,502,1000,0.350126,0.47848,10,0.354112,0.657552,2.71687,2.21888,1.01294
395,9,477,523,1000,0.349838,0.478567,10,0.348712,0.648482,2.65618,2.37317,0.994406
396,9,490,510,1000,0.351741,0.481613,10,0.344966,0.636094,2.62245,2.26735,0.992269
397,9,490,510,1000,0.353432,0.481817,10,0.355919,0.653979,2.73265,2.30408,1.00239
398,9,470,530,1000,0.353683,0.482797,10,0.351039,0.644866,2.72766,2.34681,0.982098
399,9,488,512,1000,0.352565,0.482043,10,0.352436,0.646725,2.64344,2.4959,1.01095
400,9,495,505,1000,0.355132,0.481866,10,0.350073,0.636965,2.65455,2.47071,0.990041
401,9,471,529,1000,0.356313,0.479506,10,0.356865,0.645644,2.66454,2.36943,0.999179
402,9,495,505,1000,0.356612,0.482618,10,0.353114,0.636814,2.68889,2.36364,0.992022
403,9,477,523,1000,0.35793,0.484404,10,0.35763,0.647309,2.69602,2.27883,1.00923
404,9,508,492,1000,0.358829,0.486349,10,0.362916,0.649172,2.70669,2.22244,0.990378
405,9,542,458,1000,0.359753,0.487025,10,0.353824,0.634007,2.80258,2.38561,1.00619
406,9,492,508,1000,0.360439,0.486415,10,0.362312,0.644633,2.67886,2.37805,1.00429
407,9,523,477,1000,0.360825,0.483785,10,0.353447,0.628132,2.74952,2.35946,0.985919
408,9,492,508,1000,0.360949,0.482033,10,0.354801,0.631334,2.63008,2.29472,0.997531
409,9,516,484,1000,0.361627,0.48064,10,0.364592,0.639265,2.68023,2.43411,1.00492
410,9,489,511,1000,0.363562,0.480612,10,0.373817,0.651462,2.591,2.33742,1.0163
411,9,508,492,1000,0.363245,0.483065,10,0.357514,0.628265,2.63189,2.41732,0.977828
412,9,482,518,1000,0.364549,0.483557,10,0.363108,0.628372,2.66598,2.3278,0.995831
413,9,494,506,1000,0.36498,0.483217,10,0.354147,0.613244,2.76721,2.38057,0.982883
414,9,494,506,1000,0.366022,0.485077,10,0.364309,0.632014,2.74494,2.42713,0.994856
415,9,491,509,1000,0.367156,0.487912,10,0.369629,0.637832,2.778,2.28513,1.00756
416,9,496,504,1000,0.365549,0.486249,10,0.367092,0.633722,2.51815,2.42339,1.00564
417,9,503,497,1000,0.365018,0.487231,10,0.364295,0.638761,2.66799,2.44533,1.00028
418,9,533,467,1000,0.366535,0.489684,10,0.365349,0.632681,2.63415,2.37899,1.00168
419,9,503,497,1000,0.368496,0.489423,10,0.363735,0.625788,2.70775,2.43141,0.9954
420,9,490,510,1000,0.370248,0.489436,10,0.370872,0.631881,2.55306,2.41224,1.00403
421,9,482,518,1000,0.371063,0.490867,10,0.372116,0.631772,2.59129,2.40871,1.01057
422,9,480,520,1000,0.371759,0.490748,10,0.367826,0.618008,2.46458,2.31458,0.986962
423,9,505,495,1000,0.374767,0.490591,10,0.366134,0.617045,2.48911,2.29307,0.984799
424,9,497,503,1000,0.375216,0.489961,10,0.371351,0.618144,2.63179,2.27968,0.990003
425,9,527,473,1000,0.375494,0.489475,10,0.386699,0.641472,2.57116,2.39658,1.01392
426,9,483,517,1000,0.376305,0.490345,10,0.370991,0.616342,2.61698,2.45756,0.994769
427,9,483,517,1000,0.377836,0.493312,10,0.374776,0.616894,2.59627,2.46998,0.995422
428,9,497,503,1000,0.378317,0.491758,10,0.368181,0.602729,2.52314,2.52314,0.986167
429,9,513,487,1000,0.377658,0.492771,10,0.376487,0.618552,2.577,2.2885,0.999259
430,9,502,498,1000,0.378701,0.494305,10,0.383753,0.631452,2.64741,2.31474,0.999499
431,9,510,490,1000,0.378249,0.49404,10,0.369243,0.610329,2.63137,2.35686,0.991212
432,9,489,511,1000,0.38005,0.495294,10,0.382871,0.625113,2.5501,2.53374,1.00054
433,9,534,466,1000,0.379734,0.496156,10,0.383102,0.622494,2.39139,2.51498,1.00128
434,9,488,512,1000,0.380232,0.498947,10,0.36874,0.602162,2.53689,2.42828,0.98359
435,9,495,505,1000,0.376976,0.499395,10,0.379774,0.626379,2.47879,2.46869,1.0048
436,9,516,484,1000,0.377478,0.497537,10,0.376113,0.618866,2.57752,2.44961,0.987174
437,9,496,504,1000,0.377331,0.498851,10,0.38198,0.629693,2.70565,2.36694,1.0012
438,9,479,521,1000,0.377854,0.500139,10,0.384489,0.630382,2.56576,2.29019,1.01231
439,9,516,484,1000,0.377095,0.500862,10,0.377089,0.622226,2.67829,2.45155,1.00675
440,9,493,507,1000,0.376813,0.503339,10,0.382827,0.63425,2.6146,2.3144,1.00528
441,9,512,488,1000,0.376741,0.504442,10,0.378484,0.624598,2.57422,2.3457,0.997042
442,9,538,462,1000,0.377849,0.501128,10,0.369653,0.612836,2.65799,2.37361,0.994428
443,9,478,522,1000,0.378042,0.500698,10,0.376969,0.621205,2.55439,2.49372,0.990074
444,9,523,477,1000,0.377729,0.500666,10,0.382857,0.629382,2.6673,2.34034,1.00059
445,9,520,480,1000,0.378235,0.502341,10,0.375638,0.618128,2.61731,2.26923,0.991084
446,9,495,505,1000,0.378626,0.500843,10,0.382194,0.627759,2.48485,2.33131,1.00536
447,9,515,485,1000,0.379484,0.505323,10,0.382317,0.622985,2.45243,2.49709,1.00193
448,9,501,499,1000,0.379406,0.506254,10,0.382602,0.623743,2.50898,2.35529,1.00621
449,9,511,489,1000,0.379445,0.510479,10,0.374425,0.610761,2.55382,2.28963,1.00238
450,9,518,482,1000,0.37943,0.508972,10,0.380889,0.621527,2.63127,2.34363,1.00251
451,9,508,492,1000,0.380534,0.508728,10,0.379385,0.61838,2.75,2.3622,0.985502
452,9,512,488,1000,0.380242,0.509635,10,0.36939,0.601886,2.60547,2.39648,0.98133
453,9,493,507,1000,0.380507,0.510661,10,0.380448,0.616717,2.50101,2.45639,0.998626
454,9,486,514,1000,0.381227,0.509907,10,0.383718,0.622233,2.60905,2.38477,0.998832
455,9,544,456,1000,0.381517,0.512214,10,0.385318,0.621888,2.55147,2.42279,0.995144
456,9,453,547,1000,0.382938,0.516262,10,0.379297,0.608754,2.69757,2.29139,0.997168
457,9,494,506,1000,0.383389,0.515986,10,0.380008,0.612168,2.55263,2.2166,0.992674
458,9,483,517,1000,0.386313,0.515762,10,0.387768,0.614572,2.51967,2.40787,0.998664
459,9,525,475,1000,0.387451,0.516893,10,0.376523,0.598291,2.6,2.39238,0.9839
460,9,478,522,1000,0.388363,0.520809,10,0.387765,0.610932,2.56485,2.46444,1.00214
461,9,517,483,1000,0.39023,0.524217,10,0.386877,0.60666,2.63636,2.38685,0.995637
462,9,535,465,1000,0.39235,0.52927,10,0.386673,0.597375,2.4729,2.50654,0.996254
463,9,502,498,1000,0.394639,0.529279,10,0.387561,0.596839,2.52789,2.51793,0.993412
464,9,492,508,1000,0.396031,0.529294,10,0.382611,0.583089,2.6626,2.56707,0.987319
465,9,510,490,1000,0.398138,0.529069,10,0.398743,0.601458,2.51176,2.5451,1.00144
466,9,510,490,1000,0.397521,0.52743,10,0.400142,0.608798,2.64706,2.40588,1.00295
467,9,513,487,1000,0.396253,0.529246,10,0.402544,0.610156,2.53801,2.36647,1.00518
468,9,512,488,1000,0.395173,0.529062,10,0.385794,0.59149,2.66406,2.39453,0.989685
469,9,488,512,1000,0.395674,0.531535,10,0.396708,0.605189,2.56762,2.34631,1.00496
470,9,488,512,1000,0.398403,0.530912,10,0.406468,0.609053,2.50615,2.48975,1.00002
471,9,482,518,1000,0.398482,0.529334,10,0.400546,0.606443,2.63278,2.32158,1.00118
472,9,518,482,1000,0.399421,0.530504,10,0.395197,0.592664,2.52896,2.41892,0.988088
473,9,492,508,1000,0.40001,0.530219,10,0.396303,0.590877,2.54268,2.26423,0.999106
474,9,480,520,1000,0.400035,0.527866,10,0.401977,0.605741,2.49167,2.44792,0.998644
475,9,513,487,1000,0.398687,0.530162,10,0.399997,0.606641,2.53996,2.30994,1.00351
476,9,499,501,1000,0.399048,0.530231,10,0.401316,0.604398,2.45291,2.52505,0.998522
477,9,493,507,1000,0.399043,0.533264,10,0.397526,0.603447,2.6998,2.47465,0.997686
478,9,489,511,1000,0.399177,0.533333,10,0.391336,0.589519,2.65644,2.48262,0.999448
479,9,507,493,1000,0.398657,0.536376,10,0.394123,0.593019,2.47535,2.50296,0.984948
480,9,465,535,1000,0.398551,0.533133,10,0.401482,0.605155,2.62581,2.50323,1.00812
481,9,506,494,1000,0.397582,0.533575,10,0.401212,0.607725,2.54743,2.46047,1.00354
482,9,492,508,1000,0.398087,0.534376,10,0.388743,0.586856,2.47967,2.44512,0.993161
483,9,526,474,1000,0.400034,0.535918,10,0.396302,0.593019,2.56274,2.40304,1.00077
484,9,502,498,1000,0.399323,0.533949,10,0.41216,0.616221,2.56175,2.26693,1.0192
485,9,516,484,1000,0.398668,0.533222,10,0.402666,0.60356,2.5407,2.44574,1.0013
486,9,504,496,1000,0.398849,0.533615,10,0.404874,0.609227,2.51389,2.45437,1.01259
487,9,514,486,1000,0.399954,0.535746,10,0.396628,0.593189,2.63813,2.50195,0.998669
488,9,460,540,1000,0.400117,0.534189,10,0.391303,0.587403,2.54565,2.44783,0.987512
489,9,515,485,1000,0.401924,0.536492,10,0.398078,0.597138,2.52816,2.4,0.98875
490,9,484,516,1000,0.402016,0.536653,10,0.402269,0.599016,2.54752,2.55992,1.00431
491,9,504,496,1000,0.402697,0.536898,10,0.389825,0.581346,2.5496,2.4623,0.988501
492,9,481,519,1000,0.4028,0.537755,10,0.397384,0.591241,2.61954,2.52599,0.994129
493,9,528,472,1000,0.403848,0.537732,10,0.412547,0.604948,2.54167,2.37311,0.999692
494,9,510,490,1000,0.403797,0.537989,10,0.411391,0.608546,2.73529,2.33333,1.01307
495,9,510,490,1000,0.402914,0.538155,10,0.410053,0.603795,2.48431,2.43529,1.00257
496,9,494,506,1000,0.403393,0.538919,10,0.404269,0.60014,2.67206,2.51215,0.995822
497,9,522,478,1000,0.405031,0.538521,10,0.411177,0.599201,2.54789,2.54215,1.01818
498,9,485,515,1000,0.40362,0.539994,10,0.400785,0.591756,2.52577,2.44536,0.996258
499,9,473,527,1000,0.403181,0.541216,10,0.400492,0.595274,2.5222,2.42918,1.0069
500,9,517,483,1000,0.404671,0.542523,10,0.399619,0.591398,2.44101,2.47002,1.00021
501,9,502,498,1000,0.404356,0.542893,10,0.40266,0.593783,2.45418,2.56773,0.997805
502,9,507,493,1000,0.406,0.543229,10,0.41032,0.597457,2.56607,2.4714,1.00605
503,9,507,493,1000,0.406913,0.540443,10,0.404465,0.592062,2.68442,2.38659,0.997419
504,9,520,480,1000,0.404903,0.54234,10,0.409161,0.601505,2.49231,2.39615,0.995273
505,9,505,495,1000,0.405059,0.54271,10,0.402468,0.589128,2.52871,2.37426,1.00477
506,9,503,497,1000,0.407917,0.544163,10,0.407597,0.590151,2.53678,2.49304,0.984531
507,9,522,478,1000,0.408604,0.546927,10,0.413059,0.597753,2.5,2.53257,1.00497
508,9,488,512,1000,0.411016,0.545575,10,0.416422,0.593343,2.51639,2.5041,0.999133
509,9,506,494,1000,0.413627,0.545996,10,0.403997,0.570782,2.40909,2.55534,0.986167
510,9,508,492,1000,0.412249,0.544248,10,0.410115,0.585079,2.55906,2.62205,0.986468
511,9,499,501,1000,0.4127,0.543958,10,0.410236,0.585641,2.69138,2.52705,0.987088
512,9,500,500,1000,0.413147,0.542686,10,0.411971,0.583142,2.59,2.482,1.00456
513,9,499,501,1000,0.412464,0.541842,10,0.413022,0.587631,2.42285,2.54509,1.01171
514,9,521,479,1000,0.413005,0.54072,10,0.41011,0.580418,2.4952,2.56238,0.99099
515,9,490,510,1000,0.414465,0.541458,10,0.404122,0.57283,2.53469,2.52653,0.988361
516,9,488,512,1000,0.415193,0.542168,10,0.409613,0.574684,2.47131,2.56148,0.986252
517,9,508,492,1000,0.414956,0.542756,10,0.406664,0.573017,2.54921,2.51378,0.987365
518,9,486,514,1000,0.414403,0.543923,10,0.419986,0.593888,2.53909,2.44856,1.00957
519,9,487,513,1000,0.415126,0.542797,10,0.408402,0.579052,2.43943,2.56879,0.986429
520,9,513,487,1000,0.415189,0.543279,10,0.412901,0.581933,2.47953,2.5575,0.996607
521,9,500,500,1000,0.415205,0.545723,10,0.410736,0.578873,2.486,2.4,1.00047
522,9,499,501,1000,0.414872,0.545914,10,0.415161,0.585232,2.67335,2.59118,0.991601
523,9,514,486,1000,0.414626,0.546135,10,0.406128,0.571196,2.4572,2.44358,0.99317
524,9,533,467,1000,0.414149,0.546476,10,0.425,0.596835,2.4803,2.52533,1.0107
525,9,485,515,1000,0.413987,0.546417,10,0.411708,0.58091,2.54845,2.56082,0.992915
526,9,512,488,1000,0.415618,0.545734,10,0.419037,0.590181,2.54688,2.3457,0.998013
527,9,490,510,1000,0.41754,0.546388,10,0.414038,0.580339,2.70408,2.69592,0.991521
528,9,476,524,1000,0.416406,0.546505,10,0.410305,0.578861,2.46008,2.39076,1.00113
529,9,481,519,1000,0.416341,0.544136,10,0.420431,0.587941,2.52183,2.49272,1.00829
530,9,499,501,1000,0.416686,0.544419,10,0.419524,0.585464,2.46293,2.51303,0.994438
531,9,507,493,1000,0.41656,0.545215,10,0.413996,0.579157,2.45365,2.57199,1.00762
532,9,508,492,1000,0.416101,0.545283,10,0.420471,0.591313,2.41142,2.49606,1.0113
533,9,495,505,1000,0.414766,0.545942,10,0.414043,0.585456,2.54545,2.50707,0.994812
534,9,483,517,1000,0.417049,0.545058,10,0.424081,0.594476,2.64803,2.56315,1.00276
535,9,477,523,1000,0.41788,0.547676,10,0.427975,0.591711,2.48008,2.43606,1.01713
536,9,469,531,1000,0.418749,0.547561,10,0.428929,0.597041,2.5032,2.5565,1.02122
537,9,500,500,1000,0.419229,0.547823,10,0.426032,0.589299,2.548,2.526,1.01194
538,9,482,518,1000,0.419349,0.546176,10,0.431734,0.595175,2.62241,2.45021,1.01633
539,9,483,517,1000,0.417079,0.545411,10,0.418005,0.584599,2.45549,2.63975,1.00506
540,9,504,496,1000,0.417958,0.542604,10,0.429225,0.594116,2.51786,2.49603,1.01188
541,9,488,512,1000,0.41867,0.543045,10,0.423856,0.588593,2.43443,2.52254,1.00443
542,9,489,511,1000,0.417174,0.544489,10,0.417567,0.582942,2.53988,2.46421,0.992534
543,9,489,511,1000,0.416733,0.546471,10,0.409101,0.570343,2.56033,2.55215,0.978036
544,9,521,479,1000,0.417591,0.547175,10,0.41772,0.580697,2.5547,2.50672,1.00922
545,9,476,524,1000,0.415688,0.547465,10,0.424945,0.597102,2.41807,2.37815,1.00765
546,9,496,504,1000,0.413766,0.548311,10,0.419047,0.593648,2.58669,2.41734,0.996967
547,9,524,476,1000,0.411559,0.551144,10,0.402088,0.575392,2.37786,2.5687,0.98951
548,9,485,515,1000,0.413061,0.552555,10,0.412001,0.586181,2.61237,2.41649,1.00023
549,9,510,490,1000,0.412648,0.551598,10,0.410074,0.58307,2.62353,2.52157,0.98279
550,9,492,508,1000,0.413767,0.551728,10,0.415993,0.590399,2.62398,2.48171,0.997952
551,9,510,490,1000,0.414086,0.551097,10,0.409128,0.581088,2.58235,2.44118,1.00358
552,9,518,482,1000,0.414002,0.553289,10,0.415658,0.587609,2.58301,2.39768,0.999266
553,9,506,494,1000,0.413949,0.554358,10,0.409178,0.581237,2.65217,2.42095,1.01152
554,9,484,516,1000,0.416359,0.552289,10,0.421889,0.59072,2.36777,2.57851,0.987633
555,9,534,466,1000,0.416444,0.552086,10,0.409456,0.572488,2.45506,2.53371,0.995755
556,9,475,525,1000,0.417121,0.550303,10,0.412625,0.577833,2.45474,2.58947,0.981508
557,9,480,520,1000,0.419639,0.552896,10,0.419496,0.58096,2.55625,2.42083,1.00005
558,9,502,498,1000,0.419538,0.553861,10,0.4138,0.573477,2.54382,2.50199,0.994286
559,9,492,508,1000,0.419014,0.553444,10,0.413319,0.57316,2.50407,2.52033,0.990732
560,9,474,526,1000,0.419442,0.553535,10,0.434345,0.602748,2.62869,2.5654,1.02481
561,9,486,514,1000,0.419188,0.554104,10,0.417234,0.57922,2.49794,2.68519,0.999086
562,9,468,532,1000,0.419597,0.55412,10,0.425209,0.585554,2.59615,2.50427,1.00454
563,9,493,507,1000,0.418478,0.555405,10,0.421773,0.585808,2.54361,2.46856,1.01011
564,9,499,501,1000,0.418618,0.55548,10,0.413642,0.577479,2.42084,2.53908,1.00741
565,9,513,487,1000,0.420587,0.558383,10,0.427575,0.588513,2.49903,2.49903,1.0022
566,9,505,495,1000,0.421519,0.562157,10,0.421189,0.576733,2.53267,2.37822,0.995806
567,9,498,502,1000,0.423968,0.563222,10,0.43438,0.588311,2.48795,2.53614,1.01006
568,9,488,512,1000,0.424017,0.56291,10,0.419313,0.573675,2.55123,2.51025,0.987344
569,9,520,480,1000,0.423816,0.562959,10,0.421227,0.573309,2.58269,2.41731,0.991418
570,9,503,497,1000,0.423139,0.563251,10,0.415607,0.565957,2.4831,2.6004,0.995557
571,9,503,497,1000,0.422954,0.565201,10,0.418153,0.572977,2.4672,2.49702,0.990201
572,9,499,501,1000,0.422991,0.562663,10,0.420238,0.57421,2.39679,2.48096,0.996426
573,9,525,475,1000,0.423163,0.564422,10,0.424199,0.581568,2.50667,2.55238,1.00413
574,9,525,475,1000,0.42193,0.566417,10,0.432802,0.596089,2.48952,2.40762,1.0163
575,9,495,505,1000,0.420787,0.568437,10,0.425714,0.586525,2.54545,2.42828,0.994741
576,9,488,512,1000,0.422595,0.570872,10,0.419546,0.574067,2.40164,2.3832,0.989233
577,9,518,482,1000,0.422127,0.571,10,0.415902,0.568944,2.68533,2.47683,0.993925
578,9,509,491,1000,0.422043,0.572213,10,0.410678,0.559337,2.51081,2.45972,0.987981
579,9,514,486,1000,0.423338,0.571788,10,0.429299,0.582712,2.56809,2.39883,1.00175
580,9,523,477,1000,0.424178,0.571123,10,0.410378,0.55978,2.59465,2.59847,0.984456
581,9,519,481,1000,0.423916,0.572244,10,0.420458,0.571366,2.62813,2.54528,0.990341
582,9,516,484,1000,0.424424,0.571961,10,0.417438,0.564767,2.48837,2.65116,0.998197
583,9,477,523,1000,0.424891,0.571158,10,0.434737,0.588058,2.5283,2.53249,1.01371
584,9,523,477,1000,0.425177,0.571857,10,0.427572,0.577034,2.48948,2.55449,0.990344
585,9,505,495,1000,0.425472,0.572793,10,0.425739,0.574989,2.39406,2.4396,1.00154
586,9,484,516,1000,0.427892,0.572997,10,0.430273,0.575607,2.3595,2.5124,0.997706
587,9,496,504,1000,0.427708,0.573266,10,0.422296,0.566782,2.61089,2.45565,0.995696
588,9,482,518,1000,0.425627,0.574259,10,0.42118,0.569786,2.69917,2.4917,0.995627
589,9,488,512,1000,0.425987,0.574758,10,0.427657,0.577256,2.51844,2.58811,1.00289
590,9,496,504,1000,0.427913,0.57673,10,0.425663,0.570916,2.45161,2.49798,0.988652
591,9,492,508,1000,0.427716,0.576151,10,0.429329,0.570306,2.55081,2.47154,0.994687
592,9,498,502,1000,0.429471,0.576365,10,0.429228,0.569683,2.54217,2.45984,0.9966
593,9,522,478,1000,0.429051,0.576865,10,0.426907,0.567169,2.44061,2.51149,0.994161
594,9,516,484,1000,0.428864,0.577628,10,0.427062,0.56999,2.58333,2.53101,0.993125
595,9,502,498,1000,0.429743,0.575304,10,0.425906,0.562457,2.50398,2.55777,0.993295
596,9,505,495,1000,0.42965,0.577196,10,0.426899,0.568961,2.62772,2.53861,0.99886
597,9,512,488,1000,0.431276,0.577322,10,0.428358,0.566869,2.43555,2.59961,1.00369
598,9,510,490,1000,0.431963,0.581927,10,0.438785,0.57873,2.40784,2.37843,1.01496
599,9,520,480,1000,0.43266,0.581621,10,0.435164,0.571946,2.55385,2.46346,1.00873
600,9,484,516,1000,0.43306,0.581857,10,0.43554,0.571431,2.50413,2.47934,1.00844
601,9,485,515,1000,0.433445,0.579,10,0.430539,0.56056,2.41443,2.6,0.996779
602,9,506,494,1000,0.436125,0.57998,10,0.429857,0.556472,2.53162,2.48221,0.996723
603,9,492,508,1000,0.436159,0.583086,10,0.444342,0.578669,2.54878,2.54472,1.00471
604,9,502,498,1000,0.435748,0.581296,10,0.432611,0.562691,2.60558,2.64542,0.990542
605,9,498,502,1000,0.435626,0.582949,10,0.435454,0.563356,2.48996,2.56225,1.00191
606,9,502,498,1000,0.435135,0.584929,10,0.44532,0.577943,2.40837,2.61355,1.00206
607,9,516,484,1000,0.43463,0.590942,10,0.430715,0.557903,2.28876,2.6376,0.996339
608,9,514,486,1000,0.434793,0.587156,10,0.437132,0.566526,2.48833,2.55253,1.0073
609,9,505,495,1000,0.437344,0.58719,10,0.433132,0.559362,2.46733,2.59406,1.00093
610,9,489,511,1000,0.437181,0.59047,10,0.432853,0.555078,2.43967,2.50716,0.998048
611,9,480,520,1000,0.437001,0.593225,10,0.438449,0.561204,2.55625,2.44583,0.995419
612,9,522,478,1000,0.437611,0.597532,10,0.435419,0.562207,2.50958,2.44828,0.988374
613,9,496,504,1000,0.440155,0.596275,10,0.442121,0.562633,2.37298,2.48387,1.01167
614,9,514,486,1000,0.440762,0.595652,10,0.433878,0.551774,2.54475,2.56615,0.974636
615,9,498,502,1000,0.441371,0.592751,10,0.44592,0.565141,2.56024,2.53414,1.00745
616,9,500,500,1000,0.441103,0.593174,10,0.440839,0.56221,2.5,2.544,1.01464
617,9,499,501,1000,0.443338,0.592753,10,0.442206,0.55766,2.40281,2.53707,0.995169
618,9,512,488,1000,0.444234,0.592605,10,0.439283,0.550019,2.45312,2.54492,0.999653
619,9,527,473,1000,0.444653,0.593727,10,0.44119,0.551688,2.55787,2.42694,0.985075
620,9,512,488,1000,0.443251,0.595524,10,0.436735,0.550502,2.53125,2.44922,1.00059
621,9,479,521,1000,0.444704,0.595397,10,0.446509,0.554344,2.31106,2.62422,1.00529
622,9,501,499,1000,0.445754,0.596485,10,0.451158,0.558196,2.38723,2.71257,1.00397
623,9,508,492,1000,0.446227,0.598321,10,0.449337,0.553655,2.5,2.6063,1.01899
624,9,475,525,1000,0.447727,0.604807,10,0.445993,0.548665,2.46316,2.50316,1.00698
625,9,485,515,1000,0.447829,0.606882,10,0.448367,0.551871,2.5134,2.57732,0.993381
626,9,489,511,1000,0.450042,0.612446,10,0.454653,0.554979,2.53579,2.56033,1.00558
627,9,509,491,1000,0.45234,0.613969,10,0.451532,0.545513,2.50098,2.57171,0.995577
628,9,503,497,1000,0.452874,0.61373,10,0.454087,0.546775,2.37972,2.56461,1.00087
629,9,497,503,1000,0.45543,0.616818,10,0.452031,0.544602,2.32998,2.48089,0.992545
630,9,502,498,1000,0.455701,0.618071,10,0.453691,0.54053,2.4004,2.59761,0.997808
631,9,491,509,1000,0.457116,0.620699,10,0.468449,0.5569,2.54175,2.61914,1.01119
632,9,479,521,1000,0.458149,0.619129,10,0.448806,0.530924,2.24843,2.64718,0.995243
633,9,467,533,1000,0.459768,0.620468,10,0.461051,0.541876,2.55889,2.49036,0.999359
634,9,488,512,1000,0.460764,0.621896,10,0.460778,0.538993,2.39139,2.64549,1.01123
635,9,495,505,1000,0.462065,0.621316,10,0.455718,0.529965,2.33939,2.50101,0.995982
636,9,525,475,1000,0.465712,0.622904,10,0.474462,0.542769,2.3181,2.67048,1.01703
637,9,511,489,1000,0.465129,0.621916,10,0.469354,0.540882,2.45205,2.69472,1.00903
638,9,494,506,1000,0.464751,0.623251,10,0.468825,0.541001,2.30567,2.51822,1.00692
639,9,485,515,1000,0.464491,0.620844,10,0.462722,0.533962,2.37526,2.58557,0.987209
640,9,494,506,1000,0.463951,0.620473,10,0.44871,0.519628,2.31377,2.51822,0.99066
641,9,488,512,1000,0.464047,0.621155,10,0.461426,0.534614,2.42418,2.55533,0.991093
642,9,492,508,1000,0.4662,0.622048,10,0.461586,0.529113,2.31911,2.49797,0.994276
643,9,488,512,1000,0.468169,0.61889,10,0.457566,0.523878,2.40984,2.43238,0.990135
644,9,502,498,1000,0.469639,0.619491,10,0.468989,0.529225,2.45219,2.70518,1.00485
645,9,500,500,1000,0.470061,0.619293,10,0.46193,0.526914,2.424,2.546,0.99289
646,9,497,503,1000,0.469652,0.61993,10,0.474196,0.533055,2.39034,2.62374,1.00742
647,9,512,488,1000,0.469924,0.62109,10,0.470186,0.528596,2.28906,2.55859,1.00351
648,9,495,505,1000,0.469152,0.620982,10,0.464854,0.52784,2.40404,2.62424,0.989192
649,9,500,500,1000,0.467857,0.625124,10,0.472163,0.534181,2.416,2.656,0.988922
650,9,501,499,1000,0.467114,0.624931,10,0.476629,0.548367,2.4012,2.59681,1.01264
651,9,546,454,1000,0.468197,0.620654,10,0.471474,0.538097,2.41026,2.53846,1.01057
652,9,489,511,1000,0.470294,0.619468,10,0.469227,0.528171,2.42536,2.71779,0.996888
653,9,470,530,1000,0.471399,0.618461,10,0.46459,0.522087,2.45319,2.78723,0.988419
654,9,497,503,1000,0.471221,0.618005,10,0.472929,0.531236,2.18712,2.70624,1.01163
655,9,496,504,1000,0.471779,0.621977,10,0.472194,0.525467,2.32863,2.5746,1.00408
656,9,505,495,1000,0.472991,0.62428,10,0.472828,0.529695,2.40792,2.68713,0.998026
657,9,485,515,1000,0.472244,0.622796,10,0.472249,0.527284,2.2866,2.57732,1.00475
658,9,525,475,1000,0.472641,0.622207,10,0.476891,0.528239,2.42667,2.5581,0.993402
659,9,500,500,1000,0.471676,0.621193,10,0.473399,0.529217,2.308,2.642,1.00152
660,9,499,501,1000,0.470142,0.621864,10,0.474313,0.536015,2.43888,2.63126,1.02408
661,9,503,497,1000,0.472971,0.623586,10,0.476242,0.531142,2.35984,2.55268,1.01225
662,9,477,523,1000,0.472454,0.624195,10,0.47059,0.528261,2.32914,2.59748,0.989972
663,9,498,502,1000,0.471738,0.626709,10,0.479735,0.533047,2.49398,2.73896,1.01184
664,9,503,497,1000,0.473376,0.626064,10,0.463493,0.516698,2.4175,2.64414,0.99341
665,9,489,511,1000,0.47326,0.628094,10,0.470564,0.522912,2.35174,2.61554,0.991518
666,9,479,521,1000,0.472532,0.62856,10,0.472594,0.529902,2.45303,2.54489,1.00742
667,9,507,493,1000,0.473804,0.628306,10,0.465001,0.518101,2.28994,2.58777,0.985889
668,9,507,493,1000,0.477096,0.628462,10,0.479149,0.527023,2.37475,2.46943,1.00633
669,9,524,476,1000,0.475813,0.627907,10,0.473963,0.525982,2.39885,2.6584,1.00799
670,9,510,490,1000,0.476526,0.629226,10,0.483365,0.53464,2.47059,2.57647,1.01323
671,9,493,507,1000,0.475511,0.632473,10,0.487823,0.538185,2.43408,2.50304,1.01503
672,9,503,497,1000,0.474331,0.633337,10,0.475413,0.525116,2.39563,2.60835,0.998458
673,9,519,481,1000,0.476261,0.633709,10,0.474698,0.52611,2.31985,2.60501,0.991066
674,9,482,518,1000,0.476131,0.633025,10,0.4726,0.52158,2.45643,2.57676,0.988246
675,9,503,497,1000,0.47683,0.630672,10,0.472831,0.519494,2.32406,2.69185,0.99204
676,9,516,484,1000,0.477775,0.630878,10,0.475407,0.517175,2.29651,2.66085,0.993394
677,9,512,488,1000,0.47859,0.632671,10,0.473366,0.51605,2.3418,2.5332,0.998261
678,9,508,492,1000,0.477419,0.635362,10,0.478108,0.521861,2.43307,2.60827,1.00422
679,9,516,484,1000,0.477921,0.634119,10,0.474029,0.514517,2.38953,2.69186,0.99878
680,9,490,510,1000,0.478207,0.634193,10,0.495152,0.539324,2.3102,2.61429,1.01034
681,9,539,461,1000,0.480824,0.634851,10,0.48183,0.524873,2.37662,2.4564,0.986827
682,9,489,511,1000,0.479925,0.638675,10,0.47889,0.521442,2.45194,2.69939,0.999273
683,9,467,533,1000,0.478845,0.635682,10,0.473243,0.515129,2.32334,2.63169,0.991941
684,9,496,504,1000,0.480508,0.637458,10,0.469843,0.509792,2.33871,2.57661,0.981597
685,9,498,502,1000,0.483079,0.635349,10,0.475333,0.50623,2.17871,2.62249,0.99493
686,9,527,473,1000,0.483888,0.636855,10,0.480598,0.511667,2.33776,2.57116,0.992806
687,9,494,506,1000,0.485236,0.637385,10,0.47544,0.504715,2.38462,2.69231,0.995864
688,9,499,501,1000,0.486012,0.63541,10,0.486238,0.514934,2.30661,2.62725,1.01221
689,9,504,496,1000,0.48557,0.635208,10,0.490035,0.516698,2.31746,2.70238,1.00446
690,9,514,486,1000,0.487932,0.639752,10,0.50704,0.534251,2.37938,2.74319,1.01545
691,9,504,496,1000,0.487431,0.64431,10,0.492938,0.517597,2.39087,2.72817,0.995085
692,9,520,480,1000,0.486996,0.64692,10,0.503641,0.529514,2.31154,2.68654,1.01651
693,9,506,494,1000,0.486898,0.649441,10,0.500432,0.529254,2.36561,2.61858,1.03045
694,9,508,492,1000,0.48438,0.65136,10,0.48594,0.516447,2.41535,2.61614,0.997541
695,9,480,520,1000,0.483133,0.652607,10,0.483731,0.51631,2.39167,2.58958,0.996164
696,9,503,497,1000,0.482775,0.64998,10,0.491993,0.527803,2.34791,2.60437,1.00733
697,9,474,526,1000,0.484061,0.653137,10,0.482995,0.516146,2.31224,2.5,1.00908
698,9,489,511,1000,0.485949,0.653808,10,0.492856,0.520679,2.39264,2.65235,1.00011
699,9,464,536,1000,0.485572,0.655169,10,0.485876,0.511657,2.39009,2.65948,0.995191
700,9,511,489,1000,0.484731,0.655128,10,0.489909,0.517194,2.3816,2.75734,0.998258
701,9,513,487,1000,0.485233,0.653998,10,0.493395,0.52389,2.42105,2.67446,0.995704
702,9,502,498,1000,0.483884,0.657097,10,0.489341,0.522472,2.44024,2.69721,1.00159
703,9,495,505,1000,0.483521,0.657517,10,0.495033,0.526087,2.33939,2.62626,1.01377
704,9,537,463,1000,0.484224,0.656417,10,0.477123,0.509316,2.33892,2.65177,1.00409
705,9,494,506,1000,0.484448,0.655292,10,0.481842,0.514017,2.39474,2.74291,1.00014
706,9,507,493,1000,0.483217,0.655235,10,0.480135,0.516443,2.41223,2.46351,0.996715
707,9,505,495,1000,0.482896,0.658447,10,0.478564,0.513899,2.47525,2.67723,0.9921
708,9,510,490,1000,0.483792,0.659371,10,0.479193,0.513625,2.29804,2.7098,1.00619
709,9,508,492,1000,0.484141,0.659351,10,0.484185,0.515079,2.3563,2.75394,0.992001
710,9,508,492,1000,0.485815,0.661975,10,0.486008,0.513226,2.45079,2.66732,0.992889
711,9,521,479,1000,0.488252,0.659872,10,0.487387,0.509679,2.28215,2.53935,1.00691
712,9,522,478,1000,0.488707,0.660293,10,0.488017,0.51016,2.24521,2.7069,1.00951
713,9,497,503,1000,0.490168,0.661686,10,0.488536,0.508137,2.37022,2.61368,1.00541
714,9,504,496,1000,0.490619,0.660497,10,0.487717,0.507371,2.32143,2.81349,1.00355
715,9,471,529,1000,0.49009,0.662694,10,0.490496,0.513415,2.37155,2.50106,0.996195
716,9,488,512,1000,0.490814,0.663073,10,0.501348,0.522156,2.42418,2.59426,1.00446
717,9,501,499,1000,0.489238,0.663477,10,0.473679,0.495061,2.27545,2.64671,0.981943
718,9,527,473,1000,0.489601,0.663164,10,0.494204,0.514543,2.34535,2.62619,1.00313
719,9,518,482,1000,0.489505,0.662768,10,0.487469,0.507799,2.22973,2.67954,0.982559
720,9,479,521,1000,0.490788,0.665161,10,0.493172,0.516525,2.34447,2.64301,0.993623
721,9,517,483,1000,0.493439,0.664298,10,0.493073,0.507345,2.47582,2.76789,0.995619
722,9,494,506,1000,0.492596,0.663516,10,0.493881,0.50977,2.2996,2.83603,0.998779
723,9,496,504,1000,0.491743,0.664107,10,0.494877,0.512372,2.38306,2.7621,0.998975
724,9,482,518,1000,0.491113,0.667496,10,0.497966,0.515998,2.28631,2.76763,1.01865
725,9,505,495,1000,0.491034,0.669306,10,0.491778,0.508563,2.4,2.63762,1.00039
726,9,516,484,1000,0.490628,0.673895,10,0.47886,0.496976,2.29264,2.71899,0.992083
727,9,481,519,1000,0.491102,0.67686,10,0.474534,0.494153,2.24324,2.60083,0.981611
728,9,525,475,1000,0.492105,0.677672,10,0.493617,0.512115,2.27429,2.64381,1.02157
729,9,508,492,1000,0.492927,0.677737,10,0.495099,0.509363,2.17717,2.62795,1.00422
730,9,481,519,1000,0.494209,0.67473,10,0.489438,0.499954,2.32848,2.6341,0.987368
731,9,496,504,1000,0.495921,0.673382,10,0.499056,0.50695,2.25403,2.58266,1.00124
732,9,522,478,1000,0.49752,0.675148,10,0.492361,0.496313,2.28544,2.71073,0.986067
733,9,538,462,1000,0.498887,0.677536,10,0.49299,0.493111,2.31041,2.72677,1.00355
734,9,513,487,1000,0.498811,0.681274,10,0.507311,0.50711,2.44639,2.7271,1.01068
735,9,493,507,1000,0.498969,0.68454,10,0.499421,0.504537,2.28803,2.62069,1.00466
736,9,507,493,1000,0.499678,0.680985,10,0.503125,0.499917,2.26824,2.63708,0.997983
737,9,510,490,1000,0.500412,0.678828,10,0.501797,0.501271,2.12549,2.68627,1.00518
738,9,500,500,1000,0.50301,0.676858,10,0.499141,0.492788,2.36,2.778,0.990729
739,9,514,486,1000,0.504421,0.680035,10,0.498259,0.488839,2.32101,2.8249,1.0025
740,9,498,502,1000,0.504626,0.686213,10,0.506692,0.499181,2.249,2.71888,1.00646
741,9,517,483,1000,0.506656,0.684176,10,0.514667,0.499441,2.35397,2.78143,1.00866
742,9,510,490,1000,0.508234,0.685469,10,0.495466,0.479299,2.29608,2.69804,0.986678
743,9,475,525,1000,0.508158,0.680872,10,0.510158,0.494643,2.35579,2.8,1.00349
744,9,484,516,1000,0.508887,0.682136,10,0.503837,0.488188,2.20661,2.65702,0.990654
745,9,505,495,1000,0.510175,0.682503,10,0.519021,0.498301,2.32673,2.80396,1.00525
746,9,500,500,1000,0.50916,0.685798,10,0.505182,0.489928,2.256,2.63,0.989871
747,9,504,496,1000,0.509192,0.690466,10,0.503585,0.484952,2.25,2.78373,0.996073
748,9,486,514,1000,0.510427,0.692668,10,0.5079,0.484423,2.2572,2.7716,0.99847
749,9,500,500,1000,0.510801,0.691889,10,0.514459,0.492395,2.264,2.762,0.995916
750,9,480,520,1000,0.511459,0.690745,10,0.505445,0.482248,2.18125,2.76667,1.00148
751,9,501,499,1000,0.510711,0.692068,10,0.511073,0.48882,2.29741,2.81637,0.996487
752,9,481,519,1000,0.511042,0.694699,10,0.499644,0.477642,2.36175,2.63202,0.976912
753,9,499,501,1000,0.510177,0.692127,10,0.507256,0.4877,2.22846,2.7515,0.992738
754,9,500,500,1000,0.511403,0.690981,10,0.513183,0.492252,2.3,2.81,1.00275
755,9,475,525,1000,0.512872,0.692049,10,0.499869,0.474741,2.22947,2.70947,0.984605
756,9,495,505,1000,0.514902,0.693316,10,0.507013,0.479848,2.23434,2.71111,0.995559
757,9,518,482,1000,0.516813,0.694815,10,0.533335,0.499871,2.31853,2.67568,1.01338
758,9,485,515,1000,0.515635,0.700071,10,0.508519,0.476873,2.21856,2.74021,0.98639
759,9,494,506,1000,0.516708,0.698581,10,0.513961,0.481005,2.36437,2.65789,1.00088
760,9,528,472,1000,0.5174,0.698701,10,0.52383,0.492831,2.21212,2.73485,1.01317
761,9,482,518,1000,0.516073,0.70185,10,0.53287,0.499836,2.3527,2.85685,1.01611
762,9,541,459,1000,0.516506,0.703336,10,0.534118,0.500527,2.2976,2.78004,1.02226
763,9,489,511,1000,0.516383,0.701964,10,0.513276,0.478226,2.14315,2.69939,0.994686
764,9,473,527,1000,0.517124,0.702133,10,0.517296,0.481658,2.15856,2.68288,0.993155
765,9,499,501,1000,0.518168,0.704766,10,0.514715,0.479009,2.42685,2.64729,1.00224
766,9,499,501,1000,0.519478,0.707353,10,0.499124,0.463019,2.24649,2.63126,0.980081
767,9,499,501,1000,0.519878,0.710726,10,0.527934,0.486759,2.18036,2.78758,1.01402
768,9,504,496,1000,0.519328,0.709195,10,0.524174,0.487489,2.33532,2.74405,1.01176
769,9,507,493,1000,0.519057,0.706925,10,0.521868,0.483328,2.24458,2.64892,0.995961
770,9,493,507,1000,0.517873,0.703723,10,0.523355,0.4871,2.30426,2.71805,0.999766
771,9,493,507,1000,0.518351,0.70467,10,0.52445,0.487038,2.39148,2.63489,1.01024
772,9,519,481,1000,0.519172,0.703531,10,0.521517,0.483544,2.14836,2.73603,1.00137
773,9,521,479,1000,0.519617,0.705572,10,0.521592,0.482339,2.29559,2.56814,0.99409
774,9,486,514,1000,0.518491,0.705118,10,0.522409,0.486648,2.23251,2.7037,1.00636
775,9,499,501,1000,0.518526,0.708712,10,0.50982,0.473563,2.19038,2.69138,0.985511
776,9,491,509,1000,0.520527,0.708893,10,0.525183,0.482781,2.38086,2.63544,1.00458
777,9,507,493,1000,0.518985,0.707026,10,0.509705,0.472204,2.17554,2.714,0.992528
778,9,503,497,1000,0.519618,0.705603,10,0.514983,0.477025,2.3161,2.77137,0.999226
779,9,510,490,1000,0.51936,0.70437,10,0.516759,0.476269,2.2,2.7098,0.998167
780,9,502,498,1000,0.520629,0.704619,10,0.513617,0.470959,2.29681,2.69124,0.994222
781,9,478,522,1000,0.519643,0.706881,10,0.510833,0.472692,2.30753,2.7113,0.987589
782,9,480,520,1000,0.520272,0.70849,10,0.521189,0.481546,2.30208,2.8125,0.998801
783,9,487,513,1000,0.521649,0.706975,10,0.522351,0.477347,2.30595,2.90144,0.996146
784,9,490,510,1000,0.521443,0.70496,10,0.529734,0.486082,2.24898,2.61837,0.991721
785,9,506,494,1000,0.522456,0.706505,10,0.522215,0.47648,2.15613,2.86957,0.994379
786,9,481,519,1000,0.522592,0.704811,10,0.523485,0.475201,2.3763,2.7131,1.00331
787,9,510,490,1000,0.521388,0.706501,10,0.53247,0.487997,2.4098,2.73725,1.00579
788,9,484,516,1000,0.520893,0.70541,10,0.5167,0.474865,2.21694,2.71281,0.99735
789,9,488,512,1000,0.52061,0.705918,10,0.506901,0.467736,2.16189,2.77459,0.991853
790,9,467,533,1000,0.521098,0.705649,10,0.52551,0.48242,2.28266,2.71306,1.00456
791,9,488,512,1000,0.52126,0.708159,10,0.515984,0.473013,2.2418,2.68648,0.99339
792,9,474,526,1000,0.522438,0.71002,10,0.519383,0.475583,2.30591,2.72152,0.996526
793,9,513,487,1000,0.520106,0.708032,10,0.523855,0.484841,2.40936,2.75244,1.00654
794,9,489,511,1000,0.518452,0.706375,10,0.521106,0.482772,2.33538,2.70143,1.01627
795,9,483,517,1000,0.518679,0.708736,10,0.522681,0.488787,2.35404,2.7412,1.01451
796,9,490,510,1000,0.518699,0.708024,10,0.520954,0.483423,2.34082,2.89796,0.993955
797,9,507,493,1000,0.518407,0.707059,10,0.522349,0.486367,2.25049,2.76529,0.987118
798,9,485,515,1000,0.518583,0.707103,10,0.521878,0.485598,2.29485,2.72165,1.00696
799,9,488,512,1000,0.520252,0.705846,10,0.531407,0.48825,2.31967,2.70287,1.00935
800,9,508,492,1000,0.523991,0.706334,10,0.518883,0.470734,2.27165,2.73425,0.996592
801,9,488,512,1000,0.524659,0.706344,10,0.528666,0.477889,2.24795,2.53484,1.00219
802,9,526,474,1000,0.52462,0.706803,10,0.53843,0.488418,2.22243,2.74144,1.01988
803,9,511,489,1000,0.526634,0.705877,10,0.538151,0.483992,2.2818,2.70059,1.0189
804,9,445,555,1000,0.525057,0.708253,10,0.528165,0.476776,2.27416,2.73708,1.00389
805,9,495,505,1000,0.523112,0.706646,10,0.520168,0.473143,2.19798,2.69697,0.991253
806,9,514,486,1000,0.52504,0.708568,10,0.522477,0.472597,2.25486,2.81907,1.00894
807,9,482,518,1000,0.525495,0.708038,10,0.53669,0.485553,2.34232,2.79046,1.01588
808,9,487,513,1000,0.525299,0.707171,10,0.528861,0.478166,2.29363,2.74949,1.00072
809,9,525,475,1000,0.525628,0.708762,10,0.535962,0.482065,2.35429,2.78095,1.00701
810,9,481,519,1000,0.526806,0.711105,10,0.524331,0.469236,2.33056,2.81705,0.990902
811,9,505,495,1000,0.525994,0.713027,10,0.52483,0.47202,2.19802,2.71683,0.987813
812,9,486,514,1000,0.525544,0.714585,10,0.522468,0.471196,2.16872,2.69136,1.00183
813,9,493,507,1000,0.527,0.715424,10,0.53913,0.48457,2.2069,2.7789,1.01137
814,9,496,504,1000,0.527885,0.716977,10,0.513943,0.459214,2.25202,2.87702,0.988778
815,9,513,487,1000,0.529448,0.717527,10,0.524888,0.467243,2.1501,2.77388,0.985671
816,9,491,509,1000,0.531644,0.715411,10,0.52643,0.460455,2.11405,2.81874,0.982001
817,9,471,529,1000,0.53272,0.716233,10,0.528984,0.463979,2.20594,2.77919,0.995141
818,9,485,515,1000,0.534035,0.715658,10,0.532657,0.461707,2.14227,2.92371,1.00369
819,9,511,489,1000,0.536574,0.715038,10,0.526985,0.456288,2.17613,2.86106,0.984782
820,9,476,524,1000,0.536848,0.713432,10,0.534068,0.460485,2.27731,2.85714,1.00544
821,9,522,478,1000,0.537135,0.71405,10,0.523515,0.450547,2.10728,2.7567,0.982223
822,9,483,517,1000,0.53901,0.713827,10,0.541033,0.461986,2.30435,2.85921,1.0092
823,9,485,515,1000,0.536551,0.71198,10,0.52188,0.448522,2.09072,2.88041,0.988881
824,9,500,500,1000,0.536319,0.712487,10,0.534814,0.463511,2.182,2.928,0.995546
825,9,522,478,1000,0.535492,0.713714,10,0.542714,0.470887,2.18391,2.74521,1.00944
826,9,518,482,1000,0.534652,0.713546,10,0.531044,0.464388,2.28571,2.77606,1.00021
827,9,468,532,1000,0.534761,0.716073,10,0.529782,0.461676,2.26282,2.67521,0.992257
828,9,494,506,1000,0.535156,0.713697,10,0.540797,0.470522,2.29555,2.80364,1.00502
829,9,481,519,1000,0.535917,0.714274,10,0.541796,0.467617,2.28274,2.74844,1.0036
830,9,489,511,1000,0.536582,0.715658,10,0.539922,0.465389,2.19018,2.83027,1.00147
831,9,495,505,1000,0.537589,0.716291,10,0.532498,0.456579,2.29697,2.94949,0.996681
832,9,520,480,1000,0.537188,0.716676,10,0.537081,0.464189,2.07308,2.93462,1.00631
833,9,490,510,1000,0.538255,0.717502,10,0.547357,0.470386,2.15306,2.96122,1.01825
834,9,487,513,1000,0.536154,0.717064,10,0.531963,0.462763,2.04312,2.76386,0.990809
835,9,491,504,995,0.535285,0.715912,10,0.532564,0.461069,2.18534,2.86762,0.990863
836,9,502,498,1000,0.536336,0.71555,10,0.537053,0.462588,2.20319,2.92231,1.0053
837,9,494,506,1000,0.538248,0.714748,10,0.545724,0.468152,2.26316,2.66599,1.0014
838,9,484,516,1000,0.538486,0.715636,10,0.533544,0.457425,2.31198,2.75826,0.988978
839,9,500,500,1000,0.536765,0.715353,10,0.545279,0.471468,2.33,2.706,1.01471
840,9,481,519,1000,0.537381,0.716342,10,0.538675,0.464839,2.09771,2.9106,1.00011
841,9,531,469,1000,0.536962,0.720098,10,0.535214,0.463109,2.17891,2.87194,0.993367
842,9,514,486,1000,0.537208,0.721017,10,0.528535,0.457006,2.21012,2.72763,0.982952
843,9,489,511,1000,0.536843,0.720501,10,0.541817,0.466072,2.182,2.79755,1.01136
844,9,516,484,1000,0.538046,0.721473,10,0.535715,0.462843,2.15116,2.70155,1.00517
845,9,492,508,1000,0.539501,0.723076,10,0.536917,0.458221,2.17073,2.70732,0.996859
846,9,487,513,1000,0.537984,0.724662,10,0.545817,0.470278,2.28542,2.86858,1.01326
847,9,509,491,1000,0.537849,0.725496,10,0.533538,0.459711,2.11395,2.77996,1.01216
848,9,467,533,1000,0.538237,0.728387,10,0.543568,0.464871,2.21842,2.82441,1.00197
849,9,478,522,1000,0.538561,0.72652,10,0.517362,0.442684,2.09623,2.80126,0.975871
850,9,470,530,1000,0.53817,0.727623,10,0.545939,0.467886,2.08936,2.77021,1.01054
851,9,491,491,982,0.53921,0.728644,10,0.533225,0.455171,2.06517,2.84929,0.993931
852,9,497,503,1000,0.540226,0.729494,10,0.545754,0.465274,2.10664,2.75252,1.00584
853,9,499,501,1000,0.539662,0.729661,10,0.539609,0.460662,2.25852,2.68136,0.994516
854,9,506,494,1000,0.540843,0.730421,10,0.530153,0.449703,2.30435,2.86364,0.998844
855,9,499,501,1000,0.539973,0.73067,10,0.538684,0.459301,2.1984,2.78357,0.993327
856,9,509,491,1000,0.540627,0.731844,10,0.531691,0.449224,2.1002,2.81336,1.00214
857,9,481,519,1000,0.540614,0.731825,10,0.540874,0.458225,2.30353,2.96674,0.999532
858,9,483,517,1000,0.542176,0.730228,10,0.542927,0.458987,2.17391,2.85507,0.993743
859,9,506,494,1000,0.542868,0.732621,10,0.542342,0.454347,2.23518,2.77668,0.997481
860,9,502,498,1000,0.543598,0.732863,10,0.538988,0.452617,2.21315,2.81076,0.98128
861,9,500,500,1000,0.545393,0.734123,10,0.559854,0.465157,2.15,2.886,1.00643
862,9,511,489,1000,0.545439,0.735296,10,0.538777,0.450201,2.27397,2.81409,0.983575
863,9,492,508,1000,0.545521,0.737887,10,0.559623,0.462085,2.24593,2.74187,1.0083
864,9,515,485,1000,0.546328,0.739557,10,0.543035,0.452032,2.15728,2.8699,0.99844
865,9,475,525,1000,0.547812,0.744405,10,0.546818,0.451215,2.14737,2.77263,0.997721
866,9,496,504,1000,0.548544,0.744962,10,0.546446,0.449125,2.13306,2.76411,1.005
867,9,511,489,1000,0.547152,0.749055,10,0.549131,0.454164,2.20352,3.01957,1.01227
868,9,509,491,1000,0.548595,0.746998,10,0.554978,0.455962,2.16306,2.85462,1.00958
869,9,501,499,1000,0.548799,0.748039,10,0.56129,0.463502,2.16168,2.84431,1.0004
870,9,468,532,1000,0.549335,0.747029,10,0.560612,0.46017,2.17094,2.83761,1.01112
871,9,468,532,1000,0.548558,0.745955,10,0.541463,0.445273,2.04701,2.85043,0.99846
872,9,475,483,958,0.549307,0.747055,10,0.558861,0.458929,2.21263,2.76421,1.0104
873,9,525,475,1000,0.551046,0.747354,10,0.553283,0.454285,2.06286,2.79619,1.01225
874,9,508,492,1000,0.551146,0.747643,10,0.546266,0.44499,2.20472,2.73031,0.986313
875,9,489,511,1000,0.550518,0.745569,10,0.54817,0.447863,2.17791,2.79346,0.996439
876,9,487,513,1000,0.551177,0.745699,10,0.534349,0.43745,2.18275,2.76386,0.974373
877,9,483,517,1000,0.550497,0.748722,10,0.545035,0.444529,2.24224,2.75983,0.988775
878,9,504,496,1000,0.549933,0.749881,10,0.546847,0.447009,2.12103,2.89881,0.998937
879,9,495,505,1000,0.54906,0.748963,10,0.54469,0.447008,2.13131,2.80202,1.00282
880,9,485,515,1000,0.549066,0.74874,10,0.539838,0.443513,2.17938,2.7732,0.985556
881,9,492,508,1000,0.549545,0.749747,10,0.556164,0.453803,2.08537,2.72764,1.0078
882,9,514,486,1000,0.550746,0.75199,10,0.560471,0.45537,2.15759,2.90467,1.01167
883,9,489,511,1000,0.551727,0.755501,10,0.553997,0.449696,2.12883,2.90184,1.0012
884,9,497,503,1000,0.551611,0.755751,10,0.542511,0.441039,2.16097,3.02414,1.00052
885,9,518,482,1000,0.551899,0.757265,10,0.548153,0.444805,2.12741,2.92857,0.998606
886,9,470,530,1000,0.552306,0.760191,10,0.546881,0.444738,2.16383,2.85319,1.01024
887,9,453,547,1000,0.552975,0.757526,10,0.550749,0.445728,2.11479,2.67108,1.00216
888,9,473,485,958,0.553323,0.757701,10,0.558901,0.450275,2.11416,2.83298,1.02041
889,9,475,525,1000,0.552761,0.760527,10,0.553189,0.445582,2.11158,2.76211,0.997229
890,9,501,499,1000,0.552661,0.758679,10,0.551783,0.444761,2.08982,3.03593,0.994744
891,9,485,515,1000,0.553191,0.754218,10,0.556187,0.44914,2.09485,2.74639,0.999572
892,9,474,526,1000,0.552582,0.750624,10,0.559428,0.452846,2.26793,2.83755,1.0145
893,9,493,507,1000,0.553042,0.752409,10,0.560569,0.454393,2.09736,2.85193,1.01313
894,9,503,497,1000,0.553392,0.755528,10,0.553921,0.445941,2.06759,2.86879,0.986669
895,9,529,471,1000,0.553116,0.751195,10,0.555319,0.449643,2.18526,2.72779,1.00304
896,9,490,510,1000,0.553149,0.751291,10,0.558102,0.451094,2.08163,2.95306,1.00615
897,9,509,491,1000,0.553302,0.749061,10,0.555999,0.449414,2.19057,2.91945,0.995397
898,9,509,491,1000,0.553161,0.749534,10,0.541566,0.43799,2.13556,2.72102,0.987375
899,9,500,500,1000,0.553025,0.750562,10,0.547804,0.442422,2.144,2.732,0.996022
900,9,498,502,1000,0.553848,0.750028,10,0.551915,0.444169,2.21084,2.93373,0.997061
901,9,528,472,1000,0.554178,0.746782,10,0.558213,0.448352,2.14962,2.86553,1.00825
902,9,541,459,1000,0.552699,0.744961,10,0.556694,0.451279,2.19593,2.89094,0.984807
903,9,512,488,1000,0.551932,0.741608,10,0.549363,0.446535,2.13867,2.76562,1.00258
904,9,507,493,1000,0.551483,0.741567,10,0.550908,0.448249,2.1144,2.83037,0.993624
905,9,493,507,1000,0.550369,0.739281,10,0.554318,0.451779,2.12779,2.69371,0.998622
906,9,510,490,1000,0.550181,0.737312,10,0.546094,0.447231,2.09804,2.9549,0.999226
907,9,501,499,1000,0.549995,0.740472,10,0.564436,0.461345,1.98204,2.74651,1.01042
908,9,508,485,993,0.550605,0.742344,10,0.546668,0.446274,2.16142,2.76378,0.992863
909,9,532,468,1000,0.550899,0.74112,10,0.53554,0.438176,2.17857,2.85902,0.974229
910,9,482,518,1000,0.551264,0.739962,10,0.561838,0.456293,2.28838,2.82988,0.999567
911,9,471,529,1000,0.551336,0.742745,10,0.553861,0.450632,2.30573,2.81953,0.999174
912,9,493,507,1000,0.552655,0.742331,10,0.545988,0.441997,2.10345,2.76065,0.989721
913,9,511,489,1000,0.552459,0.741215,10,0.538684,0.437916,2.182,2.78082,0.988185
914,9,471,529,1000,0.553702,0.741985,10,0.552829,0.445709,2.14225,2.73673,1.00471
915,9,515,485,1000,0.555162,0.741705,10,0.559441,0.447452,2.18252,2.85437,1.00281
916,9,486,514,1000,0.553485,0.74472,10,0.540528,0.435649,2.15432,2.83745,0.99712
917,9,492,508,1000,0.554117,0.749421,10,0.552196,0.446054,2.19512,2.94106,0.993667
918,9,491,509,1000,0.554368,0.751709,10,0.551218,0.443453,2.24033,2.84521,0.985997
919,9,496,504,1000,0.553576,0.756265,10,0.564962,0.457253,2.18145,3,1.01173
920,9,489,511,1000,0.553892,0.757878,10,0.558697,0.448891,2.06953,2.79346,1.01148
921,9,467,533,1000,0.554898,0.758558,10,0.553368,0.44538,2.14989,2.75589,0.998039
922,9,517,483,1000,0.557221,0.760889,10,0.565433,0.448544,2.16441,2.8588,1.00473
923,9,516,484,1000,0.555239,0.759405,10,0.556118,0.444311,2.18992,2.76163,1.00338
924,9,505,495,1000,0.555082,0.763074,10,0.546506,0.439017,2.27129,2.69703,1.00324
925,9,501,499,1000,0.555628,0.76427,10,0.559176,0.448892,2.27745,2.83034,1.01178
926,9,448,552,1000,0.555067,0.761573,10,0.558829,0.448998,2.29911,2.82366,1.00418
927,9,491,509,1000,0.554263,0.764014,10,0.54666,0.4389,2.04684,2.85336,0.988487
928,9,508,492,1000,0.554711,0.766335,10,0.55414,0.443761,2.09843,2.72244,0.992984
929,9,483,517,1000,0.55304,0.768091,10,0.550257,0.446087,2.09317,2.92961,1.00064
930,9,513,487,1000,0.552765,0.770813,10,0.554606,0.448195,2.08382,2.96491,0.997683
931,9,478,522,1000,0.5538,0.770391,10,0.549565,0.443021,2.12762,2.84937,1.00073
932,9,517,483,1000,0.554667,0.768029,10,0.552185,0.444356,2.25145,2.61315,0.996543
933,9,470,530,1000,0.556258,0.768842,10,0.559362,0.446856,2.08085,2.77234,0.996808
934,9,506,472,978,0.556195,0.770475,10,0.557998,0.442509,2.24111,2.90119,0.996384
935,9,485,515,1000,0.555596,0.771451,10,0.546624,0.438723,2.05567,2.94845,1.0007
936,9,492,505,997,0.556777,0.772411,10,0.559208,0.446834,2.05285,2.9248,1.00259
937,9,515,485,1000,0.554276,0.772792,10,0.549819,0.439619,2.26408,2.84272,1.00113
938,9,495,505,1000,0.555349,0.773993,10,0.552843,0.441528,2.19798,2.7899,1.00223
939,9,478,522,1000,0.555899,0.777635,10,0.564039,0.449937,2.12134,2.84519,0.998039
940,9,500,500,1000,0.556227,0.778029,10,0.551389,0.44012,2.188,2.774,0.994239
941,9,484,516,1000,0.556456,0.780141,10,0.569282,0.452788,2.20041,2.79545,1.00418
942,9,495,505,1000,0.557556,0.779867,10,0.54919,0.434725,2.08485,2.90101,1.00172
943,9,498,502,1000,0.558435,0.777869,10,0.562081,0.445004,2.18876,2.8494,1.00333
944,9,504,496,1000,0.559283,0.780423,10,0.555785,0.438053,2.20635,2.89683,1.00385
945,9,517,483,1000,0.561115,0.774701,10,0.56135,0.439444,2.0058,2.88201,1.00153
946,9,513,487,1000,0.563398,0.779271,10,0.565376,0.43564,2.06043,3.0117,0.992404
947,9,498,502,1000,0.566373,0.779651,10,0.569626,0.437169,2.17671,2.92169,1.00866
948,9,487,513,1000,0.566642,0.780664,10,0.558658,0.427908,2.154,2.89528,0.999245
949,9,514,486,1000,0.568374,0.778276,10,0.565333,0.425203,2.04669,2.96304,0.989926
950,9,523,477,1000,0.569575,0.778004,10,0.576403,0.432179,2.15488,2.94646,0.998852
951,9,501,499,1000,0.571048,0.780721,10,0.567237,0.42944,2.08782,2.98802,0.995821
952,9,498,502,1000,0.571989,0.782335,10,0.563667,0.423338,2.1004,2.86948,0.99766
953,9,459,541,1000,0.572279,0.786089,10,0.576872,0.431384,2.11329,2.95643,0.994861
954,9,495,475,970,0.574328,0.789666,10,0.581695,0.432425,2.00808,2.88687,1.01901
955,9,522,472,994,0.572697,0.786683,10,0.580622,0.430311,2.09579,3.09195,1.00937
956,9,500,500,1000,0.572129,0.791551,10,0.578938,0.431811,1.938,2.958,1.01167
957,9,463,506,969,0.572667,0.792081,10,0.575832,0.429284,2.20086,2.88337,1.00525
958,9,480,520,1000,0.573216,0.790678,10,0.574393,0.427985,1.96042,3.03958,1.00419
959,9,442,499,941,0.57365,0.788751,10,0.571487,0.425654,2.20362,2.99095,1.00148
960,9,480,494,974,0.57426,0.788527,10,0.573104,0.427856,2.13125,2.96875,0.991661
961,9,503,497,1000,0.574078,0.797279,10,0.564695,0.423771,2.05964,2.91849,0.991689
962,9,500,500,1000,0.574739,0.79907,10,0.574848,0.42804,2.01,2.984,1.00382
963,9,494,506,1000,0.574891,0.798567,10,0.594589,0.439609,2.11336,3.03036,1.0225
964,9,493,507,1000,0.575987,0.801058,10,0.579468,0.426717,2.09128,2.94929,1.00807
965,9,473,527,1000,0.572905,0.799387,10,0.583072,0.433015,2.22833,2.86892,1.01167
966,9,502,498,1000,0.576441,0.801166,10,0.585378,0.432117,1.97012,2.96614,1.01007
967,9,488,501,989,0.577213,0.799086,10,0.576357,0.423554,2.10246,2.8709,0.992039
968,9,505,495,1000,0.57767,0.796983,10,0.579876,0.425564,2.10495,2.82574,1.01063
969,9,469,531,1000,0.578391,0.797612,10,0.576265,0.419848,2.07463,2.92537,0.992505
970,9,475,498,973,0.576908,0.802415,10,0.564111,0.412824,2.02316,3.05474,0.994052
971,9,467,494,961,0.577702,0.802429,10,0.57752,0.422892,2.06638,2.86081,1.00348
972,9,484,481,965,0.579215,0.804868,10,0.592431,0.42797,2.08058,2.97521,1.00854
973,9,521,479,1000,0.578417,0.806371,10,0.57514,0.417685,2.03263,3.00576,1.00063
974,9,484,516,1000,0.582091,0.804328,10,0.570514,0.408036,2.16529,3,0.990988
975,9,470,530,1000,0.581674,0.801402,10,0.58292,0.419345,2.0234,2.99787,0.990586
976,9,475,476,951,0.580142,0.803412,10,0.585648,0.42163,2.04632,2.85684,1.00345
977,9,495,477,972,0.581442,0.803497,10,0.576892,0.414826,2.09899,2.98182,0.997711
978,9,522,478,1000,0.581181,0.807882,10,0.581889,0.42344,2.00575,2.83525,0.998599
979,9,523,477,1000,0.582541,0.810441,10,0.587667,0.420004,2.04589,3.00765,1.00587
980,9,481,519,1000,0.586366,0.808687,10,0.579112,0.408169,2.01871,2.91684,0.997604
981,9,497,474,971,0.591036,0.80767,10,0.596199,0.413259,2.07243,3.08451,0.995344
982,9,489,511,1000,0.596426,0.812068,10,0.592781,0.398942,2.03885,3.01431,0.998666
983,9,507,490,997,0.597113,0.813636,10,0.600895,0.40373,2.05325,2.89941,1.00005
984,9,491,509,1000,0.598418,0.812657,10,0.61435,0.412377,2.19145,3.14053,1.02275
985,9,489,511,1000,0.597972,0.814543,10,0.585035,0.394201,1.90593,2.97955,0.992857
986,9,466,466,932,0.600821,0.810763,10,0.603897,0.398135,1.91631,2.95494,0.997414
987,9,460,433,893,0.605251,0.810629,10,0.618558,0.40395,1.9913,3.08696,1.0063
988,9,481,435,916,0.603097,0.813857,10,0.607619,0.402292,2.01247,3.10395,1.00169
989,9,478,490,968,0.6024,0.8151,10,0.599329,0.395624,1.87238,2.99163,0.992805
990,9,461,434,895,0.602275,0.818029,10,0.603036,0.39775,2.04121,3.02603,0.996619
991,9,449,492,941,0.604862,0.817194,10,0.604667,0.39369,1.93318,3.18931,1.00588
992,9,429,439,868,0.604991,0.817708,10,0.60789,0.396279,1.85315,3.12587,1.00154
993,9,379,416,795,0.608405,0.818411,10,0.596956,0.386387,1.97889,3.06596,0.99604
994,9,368,382,750,0.611786,0.820822,10,0.603645,0.38437,1.82065,3.25,0.991577
995,9,353,317,670,0.60965,0.820333,10,0.607898,0.392299,1.89518,3.05099,0.997416
996,9,335,334,669,0.612365,0.82114,10,0.626965,0.395514,1.95821,2.96119,0.999816
997,9,311,345,656,0.612968,0.820369,10,0.623595,0.394749,2.02572,3.01286,0.986858
998,9,323,307,630,0.61178,0.820784,10,0.607503,0.382919,2.04644,3.12074,0.990172
999,9,321,340,661,0.612515,0.820127,10,0.619776,0.389043,1.97819,3.07477,1.0148
1000,9,339,296,635,0.610571,0.818508,10,0.593797,0.378529,1.9233,3.12979,0.983817
1001,9,328,324,652,0.608772,0.815613,10,0.598508,0.380415,1.91463,3.04878,0.994795
1002,9,331,297,628,0.610388,0.817449,10,0.624389,0.401208,1.9426,3.0574,0.998455
1003,9,312,331,643,0.610907,0.820977,10,0.608076,0.385966,1.9359,3.01282,1.00212
1004,9,300,304,604,0.611109,0.819225,10,0.606017,0.387304,1.95667,3.07,0.987332
1005,9,311,276,587,0.612498,0.8175,10,0.60351,0.382007,1.96463,3.0418,0.988239
1006,9,284,327,611,0.613437,0.814602,10,0.615124,0.386336,2.16549,3.07042,1.00197
1007,9,301,314,615,0.609625,0.813982,10,0.626644,0.400989,1.96013,3.06312,1.02735
1008,9,290,300,590,0.609849,0.814175,10,0.614654,0.39361,2.11724,2.98276,1.00213
1009,9,312,302,614,0.608679,0.813604,10,0.607217,0.391864,1.96154,3.10577,0.998779
1010,9,315,297,612,0.61001,0.813119,10,0.618423,0.394634,2.01905,3.01905,1.002
1011,9,319,317,636,0.612105,0.815106,10,0.5954,0.37929,1.81505,2.98433,0.982478
1012,9,286,293,579,0.612464,0.814517,10,0.593762,0.375802,1.8007,3.07692,0.997464
1013,9,266,249,515,0.61389,0.81792,10,0.609728,0.381883,1.95489,2.8797,0.990647
1014,9,266,254,520,0.613327,0.817316,10,0.597759,0.375648,1.83459,3.11654,0.991457
1015,9,234,254,488,0.613423,0.818962,10,0.611566,0.385222,1.76923,3.07265,1.00342
1016,9,209,205,414,0.613989,0.819049,10,0.601124,0.376062,1.88995,3.21531,0.992988
1017,9,199,196,395,0.614325,0.813382,10,0.609364,0.383535,1.78392,3.14573,1.00947
1018,9,166,189,355,0.614618,0.816884,10,0.628609,0.397626,2.12651,3.13253,1.02305
1019,9,190,163,353,0.613329,0.814229,10,0.622527,0.39256,2.01579,2.98421,1.00265
1020,9,207,176,383,0.614283,0.815275,10,0.61866,0.392001,2.01932,3.07729,0.992561
1021,9,208,210,418,0.614538,0.812256,10,0.593976,0.373072,1.87019,3.14423,0.994276
1022,9,176,213,389,0.613775,0.812752,10,0.589565,0.36827,2.08523,3.08523,0.955273
1023,9,182,185,367,0.611975,0.814016,10,0.612697,0.386042,1.86813,3.03846,1.00823
1024,9,177,163,340,0.612636,0.813423,10,0.611736,0.384988,1.86441,3.11299,0.993292
1025,9,168,162,330,0.61155,0.808578,10,0.606689,0.386668,1.625,3.18452,0.995926
1026,9,135,138,273,0.610899,0.80812,10,0.614091,0.389114,2,3.16296,0.994569
1027,9,131,139,270,0.611258,0.811087,10,0.627808,0.399768,1.84733,3.19847,1.00165
1028,9,133,109,242,0.610149,0.812378,10,0.605662,0.386237,1.88722,2.80451,0.996738
1029,9,131,120,251,0.609999,0.808014,10,0.624647,0.398868,1.87786,3.01527,1.0225
1030,9,121,125,246,0.608941,0.806294,10,0.610033,0.392834,1.87603,2.95041,1.00532
1031,9,110,117,227,0.60932,0.805937,10,0.594408,0.381835,1.88182,2.87273,0.997739
1032,9,110,97,207,0.609312,0.805175,10,0.624451,0.400091,2.09091,2.77273,1.02722
1033,9,105,125,230,0.608296,0.802491,10,0.632958,0.407667,1.99048,2.98095,1.01337
1034,9,97,112,209,0.610305,0.802213,10,0.629453,0.400376,1.84536,3.13402,1.01142
1035,9,86,93,179,0.611046,0.803133,10,0.60042,0.382886,2.06977,3.22093,0.985924
1036,9,87,91,178,0.611659,0.806057,10,0.618084,0.393301,2.09195,2.82759,1.01735
1037,9,88,94,182,0.612168,0.803409,10,0.596117,0.376598,2.01136,3.28409,0.980905
1038,9,89,88,177,0.612821,0.805478,10,0.631759,0.400354,1.92135,2.91011,1.02534
1039,9,85,86,171,0.612218,0.810261,10,0.610178,0.388327,1.91765,3.2,1.02952
1040,9,71,92,163,0.611105,0.808314,10,0.63109,0.40264,1.73239,3.14085,1.00067
1041,9,56,67,123,0.610702,0.808668,10,0.618945,0.392554,2.03571,3.05357,1.01064
1042,9,66,48,114,0.610526,0.811098,10,0.59491,0.380388,1.69697,3.12121,0.964797
1043,9,60,52,112,0.611037,0.806376,10,0.584893,0.372105,1.76667,3.26667,0.960189
1044,9,52,54,106,0.609352,0.801944,10,0.655151,0.421108,2.03846,2.96154,1.05502
1045,9,56,50,106,0.608517,0.801312,10,0.592669,0.383184,1.85714,3.26786,0.987112
1046,9,55,49,104,0.60755,0.805226,10,0.593363,0.382063,1.87273,3.16364,0.983551
1047,9,59,44,103,0.607753,0.810302,10,0.633024,0.409407,1.9322,3.28814,1.04
1048,9,51,63,114,0.607818,0.808905,10,0.617547,0.397228,1.80392,3.21569,1.04717
1049,9,48,44,92,0.606096,0.805799,10,0.632569,0.413796,1.89583,3.02083,1.02682
1050,9,58,33,91,0.588883,0.801093,10,0.583649,0.410898,2,2.60345,0.982405
1051,9,49,67,116,0.593135,0.804597,10,0.574759,0.404369,1.79592,3.2449,0.984201
1052,9,39,49,88,0.596696,0.808152,10,0.608184,0.412549,2.15385,2.89744,0.987333
1053,9,43,41,84,0.599274,0.805137,10,0.546546,0.370681,1.7907,2.53488,0.982706
1054,9,47,30,77,0.605132,0.810971,10,0.576278,0.374165,1.87234,3.3617,0.979397
1055,9,46,42,88,0.606456,0.807836,10,0.67474,0.43618,2.02174,3.08696,1.02711
1056,9,49,44,93,0.608809,0.805428,10,0.563006,0.359944,2.06122,3.18367,0.965893
1057,9,48,53,101,0.610203,0.801044,10,0.635952,0.410527,1.83333,2.70833,1.02194
1058,9,53,35,88,0.607579,0.803385,10,0.605562,0.385433,1.77358,3.03774,0.976482
1059,9,39,55,94,0.609213,0.812058,10,0.573817,0.36878,1.92308,2.97436,0.975108
1060,9,42,33,75,0.607629,0.81808,10,0.604024,0.388529,1.92857,3,0.982929
1061,9,39,42,81,0.607833,0.823841,10,0.565151,0.363301,1.92308,3.10256,0.977656
1062,9,33,42,75,0.60692,0.821049,10,0.610086,0.391253,2.0303,2.9697,1.01158
1063,9,36,31,67,0.608771,0.82213,10,0.619356,0.396355,2.19444,2.80556,0.977104
1064,9,40,39,79,0.608873,0.82235,10,0.606679,0.394823,1.9,2.725,0.986142
1065,9,37,39,76,0.611573,0.818789,10,0.660459,0.423475,1.83784,3,1.09885
1066,9,34,34,68,0.609015,0.820795,10,0.58763,0.37726,1.94118,3.20588,0.993321
1067,9,35,31,66,0.609018,0.824861,10,0.578547,0.369747,2.02857,3.2,1.0214
1068,9,34,37,71,0.608991,0.823214,10,0.599412,0.38626,2.23529,3.14706,0.967499
1069,9,38,38,76,0.608877,0.825861,10,0.638693,0.411349,1.65789,3,1.04105
1070,9,26,37,63,0.608216,0.81983,10,0.594912,0.383884,2,2.5,0.966461
1071,9,23,29,52,0.608084,0.819603,10,0.579644,0.370038,1.69565,2.95652,0.92153
1072,9,19,20,39,0.614321,0.825159,10,0.605029,0.380569,2.42105,3.52632,1.02149
1073,9,26,20,46,0.616622,0.825381,10,0.536415,0.333289,2,3.88462,1.00307
1074,9,25,27,52,0.618616,0.827565,10,0.617113,0.381079,2.16,2.64,1.00339
1075,9,28,26,54,0.618933,0.827515,10,0.652293,0.400737,2.07143,2.89286,1.06078
1076,9,29,29,58,0.619971,0.818942,10,0.644771,0.389114,1.89655,2.48276,1.0441
1077,9,24,31,55,0.620582,0.814178,10,0.625053,0.380553,2.04167,2.66667,0.992499
1078,9,23,26,49,0.618406,0.81808,10,0.611572,0.369543,1.73913,3.08696,1.01415
1079,9,22,18,40,0.619804,0.830579,10,0.547002,0.337445,2,3.18182,0.945304
1080,9,22,22,44,0.615535,0.837821,10,0.578922,0.359981,2.22727,3.95455,0.969286
1081,9,22,27,49,0.609624,0.838141,10,0.685071,0.439063,1.54545,3.13636,1.05526
1082,9,15,19,34,0.612096,0.839873,10,0.502831,0.318284,2.2,4.06667,0.863886
1083,9,20,13,33,0.610088,0.822753,10,0.604217,0.384233,1.6,2.9,0.957953
1084,9,20,12,32,0.611847,0.816505,10,0.667405,0.419028,2.65,3.55,1.0522
1085,9,26,27,53,0.609707,0.812936,10,0.556951,0.358034,1.65385,2.96154,0.94249
1086,9,21,22,43,0.605593,0.81103,10,0.556547,0.361547,1.95238,3.09524,0.951674
1087,9,17,24,41,0.607594,0.807266,10,0.601728,0.38868,1.58824,2.88235,1.04936
1088,9,13,14,27,0.60741,0.808413,10,0.629642,0.406546,1.61538,3.07692,1.03654
1089,9,10,11,21,0.606348,0.803348,10,0.723159,0.470119,1.3,2.2,1.04934
1090,9,5,8,13,0.607262,0.793098,10,0.74362,0.480926,0.6,2.6,1.12697
1091,9,1,2,3,0.591828,0.838412,10,0.662196,0.474098,2,4,1.23341
1092,9,1,1,2,0.584112,0.864314,10,0.627737,0.40598,0,2,0.971105
